������,����,���� ��,���θ�,��� ��
2022-01-04,���,��õ��,��������,768
2022-01-04,���,��õ��,�̼���õ��,217
2022-01-04,���,��õ��,���ŷ�,314
2022-01-14,���,������,�߱���,324
2022-01-14,���,������,�߱���,324
2022-01-18,�泲,�ƻ��,��õ���,313
2022-01-18,���,�����,�����,269
2022-01-18,�泲,���걺,�Ƹ�����,381
2022-01-18,���,������ ���뱸,�����,631
2022-01-21,���,�����,��ȭ��ó��,402
2022-01-21,���,���ֽ�,��������,401
2022-01-21,���,�����,�����,234
2022-01-21,���,�����ν�,õ����,211
2022-01-26,���,���ֽ�,��ȷ�,246
2022-01-26,���,���ֽ�,������,598
2022-01-27,���,��õ��,�º���,284
2022-01-27,���,��õ��,�߾ӷ�,582
2022-01-27,���,����õ��,���з�,313
2022-01-27,���,����õ��,�������,222
2022-01-27,���,����õ��,�̴��,525
2022-02-03,���,������,���߷�,405
2022-02-03,���,���ֽ�,������,266
2022-02-04,���,��õ��,�Ǹ����,1177
2022-02-04,���,�ܾ籺,��õ��õ��,5031
2022-02-09,���,����� ���籸,������,214
2022-02-09,����,������,������,213
2022-02-09,���,������,�߱���,308
2022-02-09,��õ,��ȭ��,��ȭ���,451
2022-02-10,���,��õ��,��������,220
2022-02-10,���,�ȼ���,����,263
2022-02-11,���,���ֽ�,���̷�,395
2022-02-11,���,���ֽ�,��������,205
2022-02-11,���,���ֽ�,���꿪��,429
2022-02-11,���,���ֽ�,��ȭ��,305
2022-02-15,���,������,�ǿ����,234
2022-02-15,���,������,�˹��,232
2022-02-15,���,������,������,208
2022-02-15,���,�����ֽ�,����3��,445
2022-02-15,���,�����ν�,���Ƿ�,318
2022-02-16,����,������,�����߾ӷ�,384
2022-02-17,�泲,ȫ����,�泲���,323
2022-02-18,�泲,�¾ȱ�,�İ��,445
2022-02-18,�泲,�¾ȱ�,�߾ӷ�,213
2022-02-21,���,�ܾ籺,��õ��õ��,289
2022-02-21,���,���ֽ�,������,464
2022-02-22,���,��õ��,�Ǹ����,2008
2022-02-22,���,������,���߷�,583
2022-02-23,�泲,�ƻ��,�뿬��,619
2022-02-23,�泲,�ƻ��,���ƻ��,615
2022-02-23,�泲,�ƻ��,��ȭ��,349
2022-02-23,�泲,�ƻ��,��õ���,290
2022-02-23,�泲,�ƻ��,��ȭ��,220
2022-03-02,���,ȭ����,�����,303
2022-03-02,���,ȭ����,��ȭ��,323
2022-03-02,���,ȭ����,�ַ���,303
2022-03-07,����,������,��õ��,204
2022-03-07,���,��õ��,�º���,300
2022-03-07,���,��õ��,�߾ӷ�,253
2022-03-07,���,������,�������,249
2022-03-07,���,������,�߱���,968
2022-03-07,���,����õ��,���з�,587
2022-03-07,���,����õ��,�������,226
2022-03-07,���,�Ⱦ�� ���ȱ�,������,236
2022-03-07,���,����õ��,�̴��,305
2022-03-07,���,������ ���뱸,�����,222
2022-03-07,���,������,����߷�,591
2022-03-07,���,������,������,1286
2022-03-07,���,���ֽ�,��������,451
2022-03-07,��õ,��ȭ��,��ȭ���,420
2022-03-08,���,��õ��,������,572
2022-03-08,����,������,�ø��ȷ�,249
2022-03-08,���,������,ȣ����,205
2022-03-08,���,�����ֽ�,����3��,212
2022-03-08,���,������,������,293
2022-03-08,���,���ֽ�,�����̷�,387
2022-03-10,���,���ν� ó�α�,�ݷɷ�,219
2022-03-10,���,��õ��,�����,266
2022-03-10,���,��õ��,�߾ӷ�,356
2022-03-10,��õ,����,��������,294
2022-03-11,��õ,������,������,207
2022-03-11,���,����� ���籸,������,901
2022-03-15,��õ,������,������,338
2022-03-15,����,������,������,220
2022-03-15,����,������,�������,310
2022-03-15,��õ,����,�������,222
2022-03-16,���,������,�߱���,382
2022-03-16,���,������,������,402
2022-03-16,���,������,����߷�,336
2022-03-16,���,������ ���뱸,�����,364
2022-03-16,���,������ �߿���,������,226
2022-03-16,��õ,��ȭ��,��ȭ���,472
2022-03-17,���,��õ��,�߾ӷ�,250
2022-03-17,���,���ֽ�,������,368
2022-03-17,���,����õ��,���з�,332
2022-03-17,���,������,������,343
2022-03-17,���,���ֽ�,������,698
2022-03-17,���,����õ��,�̴��,229
2022-03-17,���,���ֽ�,��ȷ�,485
2022-03-17,���,���ֽ�,�����̷�,492
2022-03-17,���,���ֽ�,��������,415
2022-03-17,���,��õ��,�賲��,263
2022-03-17,���,���ֽ�,��������,323
2022-03-17,���,��õ��,������,1294
2022-03-17,��õ,��籸,������,237
2022-03-17,��õ,������,�������ܷ�,226
2022-03-18,����,������,�ø��ȷ�,574
2022-03-18,���,�����ֽ�,����3��,526
2022-03-18,����,������,������,211
2022-03-18,���,������,ȣ����,407
2022-03-18,��õ,����,��������,437
2022-03-21,��õ,������,������,502
2022-03-21,���,��õ��,�賲��,415
2022-03-21,���,��õ��,������,1131
2022-03-22,����,������,�����߾ӷ�,243
2022-03-23,�泲,������,���η�,393
2022-03-23,�泲,�����,���μ�ȯ��,223
2022-03-23,���,��õ��,�Ǹ����,564
2022-03-23,�泲,�¾ȱ�,�İ��,618
2022-03-23,�泲,��õ��,����,233
2022-03-23,�泲,��õ��,������,1968
2022-03-23,�泲,��õ��,������,664
2022-03-23,�泲,�¾ȱ�,�߾ӷ�,362
2022-03-23,���,�ܾ籺,��õ��õ��,8297
2022-03-23,�泲,�ο���,���շ�,340
2022-03-23,�泲,û�籺,��ȭ������,457
2022-03-24,�泲,û�籺,������,328
2022-03-24,�泲,û�籺,ĥ�����,653
2022-03-24,�泲,���ɽ�,�ְ���,202
2022-03-24,�泲,���ֽ�,���ɷ�,239
2022-03-24,�泲,�ƻ��,���ƻ��,255
2022-03-29,���,�����,�����,300
2022-03-29,���,�����,��ȭ��ó��,434
2022-03-30,���,���ֽ�,���̷�,223
2022-03-30,��õ,������,��ũ����ũ��,218
2022-03-30,���,���ֽ�,��û��,220
2022-03-30,���,���ֽ�,��ȭ��,507
2022-03-30,���,���ֽ�,�߾ӷ�,479
2022-03-31,��õ,������,���ɷ�,230
2022-03-31,��õ,������,�Թڸ���,204
2022-03-31,��õ,������,������,336
2022-03-31,��õ,������,�ѳ����,381
2022-03-31,���,��õ��,������,521
2022-03-31,����,������,��ȸ���,212
2022-03-31,����,������,���ΰ�����,209
2022-04-01,����,�߶���,�����,238
2022-04-05,���,�ǿս�,��û��,611
2022-04-06,���,��õ��,��������,629
2022-04-08,��õ,����,���׷�207����,482
2022-04-08,���,�����,������,203
2022-04-08,��õ,����,���߷�,350
2022-04-08,��õ,����,�����,352
2022-04-08,���,�����,Ȳ������,203
2022-04-11,��õ,����,�帲��,902
2022-04-11,��õ,����,�������,234
2022-04-11,��õ,����,������,1017
2022-04-11,��õ,����,���ַ�,272
2022-04-11,���,�Ȼ�� ��ϱ�,���Ƿ�,263
2022-04-11,���,�Ȼ�� ��ϱ�,�Ȼ�õ����,350
2022-04-11,��õ,����,������,244
2022-04-11,���,�Ȼ�� �ܿ���,������,202
2022-04-11,���,�Ȼ�� �ܿ���,���α��峲��,234
2022-04-12,��õ,��籸,�����,292
2022-04-12,��õ,����,�ֺ���,244
2022-04-12,��õ,����,û���ѳ���,724
2022-04-13,��õ,�߱�,��������,442
2022-04-13,��õ,�߱�,��������,312
2022-04-13,��õ,�߱�,������,448
2022-04-13,���,�����,������,368
2022-04-13,��õ,�߱�,���ش��,445
2022-04-13,���,�����,������,321
2022-04-13,��õ,�߱�,���״��,232
2022-04-13,���,�����,���߷�,498
2022-04-13,���,�����,����3���,216
2022-04-13,���,�����,���̵���,240
2022-04-13,��õ,�߱�,�ŵ��ó���,212
2022-04-13,���,�����,���սű��,241
2022-04-13,���,�����,�߽ɻ󰡷�,389
2022-04-13,���,�����,������,584
2022-04-13,��õ,�߱�,�ϴ��߾ӷ�,267
2022-04-13,��õ,�߱�,�޳���,218
2022-04-13,���,�����,������,259
2022-04-13,���,�����,���·�,232
2022-04-14,���,���ֽ�,��ȷ�,276
2022-04-14,���,������ �Ǽ���,��ٸ���,406
2022-04-14,���,������ �Ǽ���,�Ǳ���,548
2022-04-14,���,������ �ȴޱ�,�Ǳ���,440
2022-04-14,���,���ֽ�,������,305
2022-04-14,���,������ �ȴޱ�,â?���,372
2022-04-14,���,������ �ȴޱ�,�ߺδ��,262
2022-04-14,���,������ ���뱸,�ſ���,304
2022-04-14,���,������ ���뱸,û���Ϸ�,312
2022-04-14,���,������ ���뱸,�ݴ޷�,581
2022-04-14,���,������ ���뱸,����ȣ��������,225
2022-04-15,���,���ֽ�,����2��,339
2022-04-15,���,������ ���뱸,û����,282
2022-04-15,���,������ �Ǽ���,���Ƿ�,211
2022-04-15,���,������ �ȴޱ�,���߷�,405
2022-04-15,���,������ �ȴޱ�,������,441
2022-04-15,���,������ ��ȱ�,�������,306
2022-04-15,���,������ �ȴޱ�,�����,305
2022-04-15,���,������ ��ȱ�,�����,297
2022-04-15,���,������ ��ȱ�,�ۿ���,307
2022-04-18,���,������ �Ǽ���,�ŽǷ�,247
2022-04-18,���,������ �Ǽ���,�Ű��,216
2022-04-18,���,���ֽ�,��������,427
2022-04-19,���,������ �ȴޱ�,������,648
2022-04-19,���,���ֽ�,��������,289
2022-04-19,���,������,�ݿ���,313
2022-04-21,��õ,��ȭ��,����,598
2022-04-21,���,������,����1��,980
2022-04-21,���,������,���۷�,273
2022-04-21,���,������,���4��,462
2022-04-21,���,������,Ȳ��1��80����,301
2022-04-25,����,���Ǳ�,�������,299
2022-04-25,���,���ý�,�������,272
2022-04-25,���,���ֽ�,��Ϸ�,238
2022-04-25,���,���ý�,����2��,206
2022-04-25,���,���ý�,�����,234
2022-04-25,���,���ý�,���������,334
2022-04-26,���,���ý�,��ܷ�,2301
2022-04-26,���,�ȼ���,���ķ�,329
2022-04-26,���,���ý�,���Ϸ�,262
2022-04-26,���,���ý�,�ߴ��,245
2022-04-26,���,���ý�,����õ��,379
2022-04-26,���,���ý�,�����,210
2022-04-26,���,���ý�,�����μ�7��,216
2022-04-26,���,���ý�,�����μ�6��,651
2022-04-26,���,���ý�,�����μ�9��,303
2022-04-26,���,���ý�,���°��ܼ�ȯ��,305
2022-04-26,���,���ý�,�����׷�156����,481
2022-04-26,���,���ý�,���°��ܷ�,326
2022-04-26,��õ,����,ȭ������,239
2022-04-27,����,�߶���,�߶�õ��,256
2022-04-27,����,���빮��,�̹���,337
2022-04-27,����,�߶���,�����,206
2022-04-27,����,�߶���,�������,252
2022-04-27,����,�߶���,�����,201
2022-04-27,����,�߶���,�������ַ�,429
2022-04-27,����,�߶���,�簡����,223
2022-04-27,����,�߶���,���õ��,553
2022-04-28,��õ,����Ȧ��,������,349
2022-04-28,��õ,����Ȧ��,�������,201
2022-04-28,��õ,����Ȧ��,�����,441
2022-04-28,��õ,����,���׷�207����,280
2022-04-28,��õ,����,���׷�,258
2022-04-28,��õ,����,�帲��,1345
2022-04-28,��õ,����,���߷�,714
2022-04-28,��õ,����Ȧ��,���Ϸ�,466
2022-04-28,��õ,����Ȧ��,���ִ��,235
2022-04-28,��õ,����,�����,582
2022-04-28,��õ,����,�ѵ��,368
2022-04-28,���,�ǿս�,������,609
2022-04-28,���,�ǿս�,��û��,594
2022-05-02,��õ,����,������,1493
2022-05-02,���,�����,�����߾ӷ�14����,245
2022-05-03,���,����� ���籸,�ſ�1��,350
2022-05-04,��õ,�߱�,���״��118����,279
2022-05-06,���,������ �ȴޱ�,������,966
2022-05-09,���,������ �ȴޱ�,��ٸ���,272
2022-05-09,���,������ �Ǽ���,��ٸ���,1035
2022-05-09,���,������ �Ǽ���,�������1190����,302
2022-05-09,���,������ �Ǽ���,�������1246����,349
2022-05-09,���,���ֽ�,��������,291
2022-05-10,���,������ �ȴޱ�,���߷�,233
2022-05-10,���,������ �ȴޱ�,������,291
2022-05-10,���,����õ��,���з�,281
2022-05-10,���,������ ��ȱ�,�����,214
2022-05-11,����,���ϱ�,���ط�,286
2022-05-11,���,�Ȼ�� �ܿ���,��ȭ��,984
2022-05-12,��õ,��ȭ��,����,1286
2022-05-12,����,������,�ø��ȷ�,220
2022-05-12,���,������,����1��,984
2022-05-12,���,������,���4��,372
2022-05-12,���,������,Ȳ��1��80����,370
2022-05-12,���,������,Ȳ�ݷ�,354
2022-05-13,���,���ֽ�,������,582
2022-05-13,���,������,����߷�,203
2022-05-13,���,������,������,1031
2022-05-16,����,��õ��,��ȿ��,358
2022-05-16,����,��õ��,�ȸ���,208
2022-05-16,����,��õ��,������,206
2022-05-16,����,��õ��,�����,281
2022-05-17,�泲,���ֽ�,���ܷ�,1146
2022-05-17,�泲,���ֽ�,����ŷ�,530
2022-05-17,�泲,���ֽ�,��ŷ�,434
2022-05-17,�泲,������,���з�,1733
2022-05-18,����,�����,���ط�,317
2022-05-18,�λ�,������,������Ϸ�,226
2022-05-18,�泲,â���� ���ر�,���׹��ķ�,224
2022-05-19,�泲,����,���꿪��,208
2022-05-23,���,������,�ݿ���,512
2022-05-24,��õ,����,���׷�207����,438
2022-05-24,���,���ý�,��ܷ�,775
2022-05-24,���,���ý�,����õ��,237
2022-05-24,��õ,����,�ѵ��,208
2022-05-24,��õ,����,�帲��,958
2022-05-24,��õ,����,���߷�,248
2022-05-24,��õ,����,�����,461
2022-05-24,���,������ϻ굿��,��������,226
2022-05-24,���,���ý�,�����μ�6��,345
2022-05-24,���,���ý�,�����׷�156����,245
2022-05-25,��õ,����,������,422
2022-05-25,���,����� ���籸,�ſ�1��,204
2022-05-26,��õ,����,û������̾��,202
2022-05-27,���,��õ��,������,1206
2022-05-27,���,���ֽ�,���ӳ�����,209
2022-05-31,��õ,����Ȧ��,�����,528
2022-05-31,���,������,�ۺη�,220
2022-05-31,��õ,����Ȧ��,���Ϸ�,303
2022-06-02,���,������ �Ǽ���,��ٸ���,214
2022-06-03,���,���ν� ���ﱸ,���1��,224
2022-06-08,���,������ �ȴޱ�,������,942
2022-06-10,��õ,��ȭ��,��ȭ���,285
2022-06-10,��õ,��ȭ��,����,279
2022-06-10,���,������,����1��,1155
2022-06-10,���,������,���۷�,785
2022-06-13,����,������,�����,229
2022-06-13,����,���ʱ�,�ٿ����,204
2022-06-16,����,���ϱ�,����,228
2022-06-16,����,���ϱ�,��������,396
2022-06-16,����,���ϱ�,��õ��,389
2022-06-16,���,�ǿս�,�����,359
2022-06-16,���,�ǿս�,���շ�,222
2022-06-20,���,���ý�,����õ��,606
2022-06-20,���,���ý�,��ܷ�,1181
2022-06-20,���,���ý�,�����μ�6��,289
2022-06-21,��õ,����,���׷�207����,592
2022-06-21,��õ,����,���׷�,206
2022-06-21,���,�ǿս�,������,568
2022-06-21,��õ,����,�帲��,2045
2022-06-21,��õ,����,�����,503
2022-06-21,��õ,����,�������,220
2022-06-22,��õ,����,������,292
2022-06-22,��õ,����,���ַ�,359
2022-06-22,��õ,����,�ߺ����393����,299
2022-06-22,���,�����,���·�,260
2022-07-01,���,������ ��ȱ�,���Ϸ�,331
2022-07-01,���,������ ��ȱ�,�������,1411
2022-07-04,���,���ֽ�,��ȷ�,259
2022-07-04,���,������ �ȴޱ�,������,286
2022-07-04,���,������ �Ǽ���,���η�,234
2022-07-05,���,������,���4��,229
2022-07-05,���,������,���2��,207
2022-07-05,���,������,�����Ѱ�7��,274
2022-07-06,���,�ȼ���,��4��ܷ�,220
2022-07-07,���,������,���ȷ�,261
2022-07-07,���,������,�ݿ���,1839
2022-07-12,���,�����ֽ�,����Ϸ�,275
2022-07-12,���,��õ��,��������,220
2022-07-14,���,�ǿս�,������,215
2022-07-15,���,���ý�,��ܷ�,1215
2022-07-15,���,������,ȣ����,236
2022-07-18,���,��õ��,����������,327
2022-07-19,�뱸,�ϱ�,�˴ܰ��ܷ�,601
2022-07-19,�뱸,����,�̳�븮��,513
2022-07-19,�뱸,����,��ȭ��,622
2022-07-19,�뱸,�ϱ�,ĥ������,654
2022-07-19,�뱸,�߱�,�޼���,778
2022-07-19,�뱸,�߱�,�����,853
2022-07-19,�泲,û�籺,ĥ�����,210
2022-07-19,�뱸,�߱�,������,1503
2022-07-19,�뱸,�޼���,���Ϸ�,287
2022-07-22,���,��õ��,������,301
2022-07-26,�泲,â���� ����������,õ������,250
2022-07-27,���,�����,���·�,442
2022-08-04,��õ,����,�帲��,2696
2022-08-04,��õ,����,�����,484
2022-08-04,���,����� ���籸,ȭ����,207
2022-08-05,��õ,��ȭ��,����,292
2022-08-05,���,������,����1��,344
2022-08-05,���,������,���۷�,212
2022-08-05,���,������,���4��,342
2022-08-05,��õ,����,������,253
2022-08-05,���,������,Ȳ�ݷ�,293
2022-08-10,���,������,����߷�,311
2022-08-10,���,������,������,224
2022-08-12,���,����� �ϻ굿��,��������,350
2022-08-16,���,���ý�,��ܷ�,209
2022-08-17,���,�ǿս�,������,392
2022-08-17,���,���ý�,���°��ܷ�,389
2022-08-18,����,���ϱ�,�����̷�,782
2022-08-18,����,���ϱ�,���л��,1310
2022-08-18,���,��õ��,��������,2039
2022-08-19,����,���Ǳ�,�������,504
2022-08-23,�λ�,�λ�����,�������,268
2022-08-23,�泲,������,���з�,307
2022-08-24,�泲,ȫ����,�Ŵ��,302
2022-08-24,�泲,ȫ����,�����,361
2022-08-24,���,�ϱ�,ȿ�Ϸ�,333
2022-08-24,�泲,â���� ��â��,���̴��,297
2022-08-24,�泲,û�籺,��ȭ������,240
2022-08-25,�泲,â���� ���ر�,���׹��ķ�,1545
2022-08-31,���,�ȼ���,���ķ�,426
2022-08-31,���,�ȼ���,û����,247
2022-09-01,���,������,��û��,793
2022-09-01,���,������,��ä��,242
2022-09-01,���,������,�ݿ���,2301
2022-09-01,���,������ �߿���,������,536
2022-09-02,���,���ֽ�,�߿����,206
2022-09-02,���,������,���̷�,358
2022-09-02,��õ,����Ȧ��,����Ȧ���,534
2022-09-07,���,���ֽ�,��������,242
2022-09-08,����,���α�,�ݿ���,228
2022-09-08,���,�����,�����߾ӷ�14����,939
2022-09-14,���,����� ���籸,�߾ӷ�,202
2022-09-14,���,����� ���籸,ȭ����,216
2022-09-14,��õ,����,�����,324
2022-09-14,���,�����,������,267
2022-09-14,��õ,����,�帲��,866
2022-09-15,���,������ �Ǽ���,��ٸ���,218
2022-09-16,���,����� ���籸,�ҿ���,1614
2022-09-21,�泲,ȫ����,�Ŵ��,211
2022-09-21,�泲,ȫ����,ȫ����,207
2022-09-21,�뱸,�ϱ�,�˴ܰ��ܷ�,527
2022-09-22,���,���ý�,��ܷ�,1679
2022-09-22,�뱸,����,��ȭ��,274
2022-09-22,�泲,�ƻ��,������,1080
2022-09-22,���,�ϱ�,ȿ�Ϸ�,415
2022-09-23,���,������,����1��,1304
2022-09-23,���,������,���۷�,485
2022-09-23,���,������,���4��,352
2022-09-26,���,����� �ϻ굿��,��������,392
2022-09-26,���,������,ǳ����68����,341
2022-09-27,���,���ֽ�,���̸���,460
2022-09-27,���,���ֽ�,������,246
2022-09-29,���,������ �߿���,������,295
2022-09-30,���,������,�ݿ���,550
2022-12-29,����,������,���״��,244
2022-12-29,����,������,�����߾ӷ�,367
2022-12-29,����,������,��õ��,259
2022-12-29,���,������,������,285
2022-12-26,���,�ǿս�,������,1322
2022-12-26,���,�ǿս�,���շ�,1745
2022-12-20,���,�Ȼ�� �ܿ���,�ؾȷ�,404
2022-12-20,���,�Ȼ�� �ܿ���,�žȻ���з�,258
2022-12-19,���,������,���Ϸ�,215
2022-12-19,����,��������,�����з�,201
2022-12-19,���,������,���ȷ�,284
2022-12-19,���,������,��ä��,268
2022-12-19,����,���Ǳ�,���Ƿ�,227
2022-12-19,���,������,ö�����,389
2022-12-19,���,������,���ȷ�,313
2022-12-14,��õ,�߱�,�޳���,222
2022-12-14,���,���ֽ�,��������,2964
2022-12-14,��õ,�߱�,�������,329
2022-12-14,���,���ֽ�,�����Ϸ�,1468
2022-12-14,��õ,�߱�,�ŵ��úϷ�,1023
2022-12-14,���,���ֽ�,������,491
2022-12-14,��õ,�߱�,�ŵ��ó���,1176
2022-12-14,���,���ֽ�,ȸõ����,751
2022-12-14,���,���ֽ�,ȸõ��,777
2022-12-14,���,���ֽ�,���ϱ�,633
2022-12-14,���,���ֽ�,��������,766
2022-12-14,���,���ֽ�,��������,857
2022-12-14,���,���ֽ�,��������,788
2022-12-14,���,���ֽ�,ȸ����,369
2022-12-14,���,���ֽ�,�����,373
2022-12-14,���,���ֽ�,��ȭ��,716
2022-12-14,��õ,����,��õ��,225
2022-12-13,���,�����ֽ�,�����߾ӷ�,635
2022-12-13,���,����� �ϻ굿��,�ϻ��,212
2022-12-13,���,����� �ϻ굿��,���۷�,479
2022-12-13,���,�����ֽ�,����5��,531
2022-12-13,���,�����ֽ�,��ȭ�÷�,411
2022-12-13,���,����� �ϻ굿��,�߾ӷ�,221
2022-12-13,���,�����ֽ�,����3��,444
2022-12-13,���,�����ֽ�,����2��,344
2022-12-13,���,�����ֽ�,�ۻ��,211
2022-12-13,���,�����ֽ�,����2��,252
2022-12-12,���,���ֽ�,�߾ӷ�,212
2022-12-12,���,���ֽ�,��������,425
2022-12-12,���,����� ���籸,�����,230
2022-12-08,���,��õ��,�����,515
2022-12-08,��õ,����,�����,249
2022-12-08,���,�����,�����,248
2022-12-08,���,������ �д籸,���̷�173����,251
2022-12-07,�뱸,����,��ȭ��,697
2022-12-07,�뱸,����,������,210
2022-12-07,�뱸,����,�����,514
2022-12-07,�뱸,�ϱ�,�˴ܰ��ܷ�,243
2022-12-06,���,���׽� �ϱ�,õ����,250
2022-12-05,����,���α�,ȿ�ڷ�,476
2022-12-02,���,����,�߾ӷ�,531
2022-12-01,���,���ý�,���°��ܷ�,202
2022-12-01,���,���ý�,�����׷�156����,311
2022-12-01,���,���ý�,�����׷�,216
2022-11-29,����,������,�ø��ȷ�,201
2022-11-29,���,���ֽ�,���̸���,228
2022-11-25,���,��õ��,ȣ����,267
2022-11-24,���,����õ��,���з�,306
2022-11-24,���,����� ���籸,����,540
2022-11-22,���,��õ��,������,213
2022-11-22,���,����� �ϻ굿��,��������,215
2022-11-18,��õ,����,�帲��,933
2022-11-17,��õ,����,�ߺ����393����,323
2022-11-17,�泲,ȫ����,�Ŵ��,286
2022-11-17,�泲,ȫ����,ȫ����,396
2022-11-17,��õ,����,������,317
2022-11-17,�泲,���ɽ�,���ɳ���,214
2022-11-17,���,�����,���ڷ�,263
2022-11-17,�泲,û�籺,��ȭ������,378
2022-11-17,�泲,û�籺,ĥ�����,555
2022-11-16,��õ,����,������,224
2022-11-16,����,�߱�,������,281
2022-11-16,��õ,����,�����,972
2022-11-16,��õ,����,���߷�,438
2022-11-14,���,������,����1��,309
2022-11-10,�泲,��õ��,������,294
2022-11-10,�泲,��õ��,������,363
2022-11-09,����,�����,���ط�,514
2022-11-09,����,�����,���ط�,230
2022-11-08,���,���ý�,����õ��,239
2022-11-08,���,���ý�,��ܷ�,858
2022-11-03,���,ȭ����,�����,296
2022-11-03,���,���ֽ�,������,580
2022-11-03,�泲,������,���з�,244
2022-11-03,���,���ֽ�,�����̷�,419
2022-11-02,���,ȭ����,��ȭ������,206
2022-11-02,����,������,�ø��ȷ�,314
2022-11-01,����,������,�����߾ӷ�,213
2022-10-27,���,������,������,381
2022-10-26,���,���ֱ�,��꿪��,1158
2022-10-26,�뱸,����,��ȭ��,496
2022-10-26,���,���׽� �ϱ�,�差��,260
2022-10-26,�뱸,�ϱ�,�˴ܰ��ܷ�,408
2022-10-26,���,���׽� ����,������,215
2022-10-25,���,���׽� ����,�����,232
2022-10-25,���,���׽� ����,������,253
2022-10-25,��õ,������,������,240
2022-10-25,��õ,����,�帲��,220
2022-10-24,���,��õ��,������,565
2022-10-21,���,�ȼ���,���ķ�,237
2022-10-19,���,�Ȼ�� �ܿ���,������,310
2022-10-19,���,���ֽ�,���̸���,504
2022-10-18,����,��õ��,������,809
2022-10-18,���,���ֽ�,û����,568
2022-10-18,���,���ֽ�,���ӳ�����,348
2022-10-17,��õ,����,�����ķ�,212
2022-10-17,��õ,����,�����,801
2022-10-17,��õ,����,�����,240
2022-10-17,����,���빮��,�̹���,365
2022-10-17,��õ,����,���׷�207����,389
2022-10-17,��õ,����,���׷�177����,214
2022-10-14,��õ,����,������,301
2022-10-13,���,�ǿս�,��û��,247
2022-10-13,���,���ν� ���ﱸ,���1��,260
2022-10-13,���,����� �ϻ굿��,��������,282
2022-10-13,���,�ǿս�,������,234
2022-10-13,���,�����,��������,283
2022-10-12,���,�����,�����߾ӷ�14����,250
2022-10-07,���,��õ��,��õ���,291
2022-10-07,���,��õ��,��������,287
2022-01-04,���,��õ��,��������,768
2022-01-04,���,��õ��,�̼���õ��,217
2022-01-04,���,��õ��,���ŷ�,314
2022-01-14,���,������,�߱���,324
2022-01-14,���,������,�߱���,324
2022-01-18,�泲,�ƻ��,��õ���,313
2022-01-18,���,�����,�����,269
2022-01-18,�泲,���걺,�Ƹ�����,381
2022-01-18,���,������ ���뱸,�����,631
2022-01-21,���,�����,��ȭ��ó��,402
2022-01-21,���,���ֽ�,��������,401
2022-01-21,���,�����,�����,234
2022-01-21,���,�����ν�,õ����,211
2022-01-26,���,���ֽ�,��ȷ�,246
2022-01-26,���,���ֽ�,������,598
2022-01-27,���,��õ��,�º���,284
2022-01-27,���,��õ��,�߾ӷ�,582
2022-01-27,���,����õ��,���з�,313
2022-01-27,���,����õ��,�������,222
2022-01-27,���,����õ��,�̴��,525
2022-02-03,���,������,���߷�,405
2022-02-03,���,���ֽ�,������,266
2022-02-04,���,��õ��,�Ǹ����,1177
2022-02-04,���,�ܾ籺,��õ��õ��,5031
2022-02-09,���,����� ���籸,������,214
2022-02-09,����,������,������,213
2022-02-09,���,������,�߱���,308
2022-02-09,��õ,��ȭ��,��ȭ���,451
2022-02-10,���,��õ��,��������,220
2022-02-10,���,�ȼ���,����,263
2022-02-11,���,���ֽ�,���̷�,395
2022-02-11,���,���ֽ�,��������,205
2022-02-11,���,���ֽ�,���꿪��,429
2022-02-11,���,���ֽ�,��ȭ��,305
2022-02-15,���,������,�ǿ����,234
2022-02-15,���,������,�˹��,232
2022-02-15,���,������,������,208
2022-02-15,���,�����ֽ�,����3��,445
2022-02-15,���,�����ν�,���Ƿ�,318
2022-02-16,����,������,�����߾ӷ�,384
2022-02-17,�泲,ȫ����,�泲���,323
2022-02-18,�泲,�¾ȱ�,�İ��,445
2022-02-18,�泲,�¾ȱ�,�߾ӷ�,213
2022-02-21,���,�ܾ籺,��õ��õ��,289
2022-02-21,���,���ֽ�,������,464
2022-02-22,���,��õ��,�Ǹ����,2008
2022-02-22,���,������,���߷�,583
2022-02-23,�泲,�ƻ��,�뿬��,619
2022-02-23,�泲,�ƻ��,���ƻ��,615
2022-02-23,�泲,�ƻ��,��ȭ��,349
2022-02-23,�泲,�ƻ��,��õ���,290
2022-02-23,�泲,�ƻ��,��ȭ��,220
2022-03-02,���,ȭ����,�����,303
2022-03-02,���,ȭ����,��ȭ��,323
2022-03-02,���,ȭ����,�ַ���,303
2022-03-07,����,������,��õ��,204
2022-03-07,���,��õ��,�º���,300
2022-03-07,���,��õ��,�߾ӷ�,253
2022-03-07,���,������,�������,249
2022-03-07,���,������,�߱���,968
2022-03-07,���,����õ��,���з�,587
2022-03-07,���,����õ��,�������,226
2022-03-07,���,�Ⱦ�� ���ȱ�,������,236
2022-03-07,���,����õ��,�̴��,305
2022-03-07,���,������ ���뱸,�����,222
2022-03-07,���,������,����߷�,591
2022-03-07,���,������,������,1286
2022-03-07,���,���ֽ�,��������,451
2022-03-07,��õ,��ȭ��,��ȭ���,420
2022-03-08,���,��õ��,������,572
2022-03-08,����,������,�ø��ȷ�,249
2022-03-08,���,������,ȣ����,205
2022-03-08,���,�����ֽ�,����3��,212
2022-03-08,���,������,������,293
2022-03-08,���,���ֽ�,�����̷�,387
2022-03-10,���,���ν� ó�α�,�ݷɷ�,219
2022-03-10,���,��õ��,�����,266
2022-03-10,���,��õ��,�߾ӷ�,356
2022-03-10,��õ,����,��������,294
2022-03-11,��õ,������,������,207
2022-03-11,���,����� ���籸,������,901
2022-03-15,��õ,������,������,338
2022-03-15,����,������,������,220
2022-03-15,����,������,�������,310
2022-03-15,��õ,����,�������,222
2022-03-16,���,������,�߱���,382
2022-03-16,���,������,������,402
2022-03-16,���,������,����߷�,336
2022-03-16,���,������ ���뱸,�����,364
2022-03-16,���,������ �߿���,������,226
2022-03-16,��õ,��ȭ��,��ȭ���,472
2022-03-17,���,��õ��,�߾ӷ�,250
2022-03-17,���,���ֽ�,������,368
2022-03-17,���,����õ��,���з�,332
2022-03-17,���,������,������,343
2022-03-17,���,���ֽ�,������,698
2022-03-17,���,����õ��,�̴��,229
2022-03-17,���,���ֽ�,��ȷ�,485
2022-03-17,���,���ֽ�,�����̷�,492
2022-03-17,���,���ֽ�,��������,415
2022-03-17,���,��õ��,�賲��,263
2022-03-17,���,���ֽ�,��������,323
2022-03-17,���,��õ��,������,1294
2022-03-17,��õ,��籸,������,237
2022-03-17,��õ,������,�������ܷ�,226
2022-03-18,����,������,�ø��ȷ�,574
2022-03-18,���,�����ֽ�,����3��,526
2022-03-18,����,������,������,211
2022-03-18,���,������,ȣ����,407
2022-03-18,��õ,����,��������,437
2022-03-21,��õ,������,������,502
2022-03-21,���,��õ��,�賲��,415
2022-03-21,���,��õ��,������,1131
2022-03-22,����,������,�����߾ӷ�,243
2022-03-23,�泲,������,���η�,393
2022-03-23,�泲,�����,���μ�ȯ��,223
2022-03-23,���,��õ��,�Ǹ����,564
2022-03-23,�泲,�¾ȱ�,�İ��,618
2022-03-23,�泲,��õ��,����,233
2022-03-23,�泲,��õ��,������,1968
2022-03-23,�泲,��õ��,������,664
2022-03-23,�泲,�¾ȱ�,�߾ӷ�,362
2022-03-23,���,�ܾ籺,��õ��õ��,8297
2022-03-23,�泲,�ο���,���շ�,340
2022-03-23,�泲,û�籺,��ȭ������,457
2022-03-24,�泲,û�籺,������,328
2022-03-24,�泲,û�籺,ĥ�����,653
2022-03-24,�泲,���ɽ�,�ְ���,202
2022-03-24,�泲,���ֽ�,���ɷ�,239
2022-03-24,�泲,�ƻ��,���ƻ��,255
2022-03-29,���,�����,�����,300
2022-03-29,���,�����,��ȭ��ó��,434
2022-03-30,���,���ֽ�,���̷�,223
2022-03-30,��õ,������,��ũ����ũ��,218
2022-03-30,���,���ֽ�,��û��,220
2022-03-30,���,���ֽ�,��ȭ��,507
2022-03-30,���,���ֽ�,�߾ӷ�,479
2022-03-31,��õ,������,���ɷ�,230
2022-03-31,��õ,������,�Թڸ���,204
2022-03-31,��õ,������,������,336
2022-03-31,��õ,������,�ѳ����,381
2022-03-31,���,��õ��,������,521
2022-03-31,����,������,��ȸ���,212
2022-03-31,����,������,���ΰ�����,209
2023-04-10,���,������,������,436
2023-04-13,��õ,����,�����,315
2023-04-14,���,���ֽ�,����3��,391
2023-04-19,��õ,����,������,420
2023-04-19,���,������,���4��,382
2023-04-20,���,����� �ϻ굿��,��������,315
2023-05-04,���,�Ȼ�� �ܿ���,�Ȼ�õ����,285
2023-05-04,��õ,����,��Ʈ���ͷ�,233
2023-05-08,���,�Ȼ�� ��ϱ�,�ݼ���,235
2023-05-10,����,����,���ѻ��,216
2023-05-11,���,��õ��,������,218
2023-05-12,���,���ֽ�,���̸���,306
2023-05-16,���,���׽� ����,�����,326
2023-05-16,�泲,�¾ȱ�,�����,239
2023-05-16,���,���׽� �ϱ�,�差��,341
2023-05-16,���,ȭ����,��ȭ��,296
2023-05-16,���,��õ��,�ϻ��,294
2023-05-16,���,��õ��,�����,414
2023-05-16,�泲,û�籺,ĥ�����,348
2023-05-16,�泲,ȫ����,ȫ����,317
2023-05-17,�泲,�ƻ��,�߾ӷ�,359
2023-05-17,�뱸,�ϱ�,�˴ܰ��ܷ�,1831
2023-05-17,�뱸,�ϱ�,ĥ������,210
2023-05-17,�뱸,�߱�,�����,220
2023-05-22,���,�ܾ籺,�����,596
2023-05-23,���,���ֽ�,�߿����,542
2023-05-23,���,������,���4��,696
2023-05-23,���,���̽�,�����,205
2023-05-25,��õ,����,���߷�,452
2023-05-25,��õ,����,�����,910
2023-05-25,��õ,����,������,425
2023-05-25,��õ,����,�帲��,326
2023-05-26,��õ,����,������,1216
2023-05-30,��õ,����,��������,203
2023-05-30,���,���ֽ�,��ȷ�,459
2023-05-30,���,���ֽ�,�����Ϸ�,407
2023-05-31,���,������,��û��,774
2023-05-31,���,������,�ݿ���,780
2023-06-07,����,���ʱ�,�����,220
2023-06-13,���,��õ��,������,286
2023-06-16,����,���α�,������,278
2023-06-23,��õ,����,������,366
2023-06-28,��õ,����,�ߺ����,292
2023-06-28,��õ,����,�帲��,1381
2023-07-03,��õ,����,���߷�,310
2023-07-03,��õ,����,�����,919
2023-07-03,��õ,����,�����ķ�,915
2023-07-12,���,������,�ݿ���,270
2023-08-01,���,���ֽ�,���̸���,356
2023-08-17,���,���ֽ�,�����̷�,532
2023-08-17,���,������,�ݿ���,239
2023-09-12,����,�����,������,566
2023-09-13,�뱸,�ϱ�,�˴ܰ��ܷ�,501
2023-09-21,���,������,������,484
2023-09-22,���,�����,���·�,614
2023-09-25,���,��õ��,ȣ����,376
2023-10-06,���,���ֽ�,���̸���,209
2023-10-16,��õ,����,������,373
2023-10-17,��õ,����,���߷�,417
2023-10-17,��õ,����,�����,830
2023-10-17,��õ,����,�κ������,212
2023-10-17,����,���ʱ�,�ٿ����,244
2023-10-18,���,���ֽ�,��������,476
2023-10-23,���,������,�ݿ���,321
2023-11-02,���,���ֽ�,���̸���,308
2023-11-02,���,�����,������,319
2023-11-08,�뱸,�ϱ�,�˴ܰ��ܷ�,485
2023-11-08,�λ�,�ؿ�뱸,�ݼ۷�,205
2023-11-14,���,����õ��,�����,225
2023-11-14,�泲,�ο���,����,250
2023-11-15,���,��õ��,������,402
2023-11-17,���,������,ȣ����,280
2023-11-21,����,��������,��ǳ��,386
2023-11-22,���,�Ȼ�� ��ϱ�,���Ž����,260
2023-11-28,��õ,����,������,363
2023-11-29,��õ,����,���߷�,498
2023-11-29,��õ,����,�����,1352
2023-11-29,��õ,����,�����ķ�,543
2023-11-29,��õ,����,�帲��,304
2023-11-30,���,���ֽ�,��ȷ�,301
2023-11-30,���,���ֽ�,�Ÿ���,252
2023-12-08,���,���ֽ�,��ȭ��,205
2023-12-08,���,���ֽ�,ȸ����,258
2023-12-12,���,������,���η�,319
2023-12-12,�뱸,�ϱ�,�˴ܰ��ܷ�,487
2023-12-13,�뱸,�޼���,������ܴ��,206
2023-12-18,���,����õ��,���з�,349
2023-12-18,���,����õ��,�̴��,298
