"측정일자","측정시간","지역","지역명","도로명","시작점","종점","기온","습도","재비산먼지 평균농도","오염범례"
"2023-09-01","14:05","경기","과천시","중앙로","경기도 과천시 과천동 28-3도","경기도 과천시 갈현동 635-3구","30","45","33","매우좋음"
"2023-09-01","14:16","경기","과천시","별양로","경기도 과천시 원문동 8-1도","경기도 과천시 중앙동 88도","30","43","44","매우좋음"
"2023-09-01","14:27","경기","과천시","관문로","경기도 과천시 중앙동 88도","경기도 과천시 중앙동 64도","30","43","31","매우좋음"
"2023-09-01","14:33","경기","과천시","교육원로","경기도 과천시 중앙동 64도","경기도 과천시 중앙동 61도","28","52","45","매우좋음"
"2023-09-01","14:42","경기","과천시","경마공원대로","경기도 과천시 막계동 254-13임","경기도 과천시 과천동 356-5도","30","42","38","매우좋음"
"2023-09-01","14:48","경기","과천시","과천대로","경기도 과천시 과천동 산95-11도","경기도 과천시 갈현동 622-8도","30","44","39","매우좋음"
"2023-09-04","09:46","인천","부평구","평천로","인천광역시 부평구 청천동 372-6천","인천광역시 부평구 삼산동 106-212 도","27","83","81","좋음"
"2023-09-04","10:05","인천","부평구","체육관로","인천광역시 부평구 삼산동 395-9도","인천광역시 부평구 갈산동 414도","27","86","58","좋음"
"2023-09-04","10:15","인천","부평구","수변로","인천광역시 부평구 삼산동 156-3 도","인천광역시 부평구 부개동 375-1도","28","83","17","매우좋음"
"2023-09-04","10:30","인천","부평구","항동로","인천광역시 부평구 부개동 378도","인천광역시 부평구 일신동 398-19 도","28","80","52","좋음"
"2023-09-04","10:35","인천","부평구","무네미로","인천광역시 부평구 구산동 12-7도","인천광역시 부평구 구산동 346-2 도","28","78","25","매우좋음"
"2023-09-04","10:48","인천","부평구","경인로","인천광역시 부평구 구산동 12-7도","인천광역시 부평구 십정동 592도","28","79","32","매우좋음"
"2023-09-04","11:09","인천","부평구","마장로","인천광역시 부평구 십정동 596도","인천광역시 부평구 청천동 372도","29","78","29","매우좋음"
"2023-09-04","11:27","인천","부평구","안남로","인천광역시 부평구 청천동 372도","인천광역시 부평구 부평동 686도","29","76","22","매우좋음"
"2023-09-04","11:48","인천","부평구","부영로","인천광역시 부평구 산곡동 281-30도","인천광역시 부평구 부평동 686도","29","77","13","매우좋음"
"2023-09-04","12:03","인천","부평구","아트센터로","인천광역시 부평구 십정동 546-3도","인천광역시 부평구 십정동 186-544도","29","77","25","매우좋음"
"2023-09-04","12:12","인천","부평구","열우물로","인천광역시 부평구 십정동 335도","인천광역시 부평구 십정동 531-3도","29","75","16","매우좋음"
"2023-09-04","13:06","인천","부평구","백범로","인천광역시 부평구 십정동 526-7도","인천광역시 부평구 십정동 335도","30","70","22","매우좋음"
"2023-09-04","13:35","경기","의왕시","덕영대로","경기도 의왕시 이동 294-4도","경기도 의왕시 월암동 762-2 도","31","69","16","매우좋음"
"2023-09-04","13:41","경기","의왕시","부곡중앙로","경기도 의왕시 삼동 471-94대","경기도 의왕시 삼동 248-1도","30","68","19","매우좋음"
"2023-09-07","10:31","경기","안산시 단원구","능길로","경기도 안산시단원구 신길동 1440도","경기도 안산시단원구 성곡동 590도","29","48","9","매우좋음"
"2023-09-07","10:43","경기","안산시 단원구","엠티브이1로","경기도 안산시단원구 성곡동 834도","경기도 안산시단원구 목내동 534도","29","46","4","매우좋음"
"2023-09-07","10:58","경기","안산시 단원구","풍전로","경기도 안산시단원구 원시동 803도","경기도 안산시단원구 원곡동 935-1도","28","50","5","매우좋음"
"2023-09-07","11:00","경기","안산시 단원구","연수원로","경기도 안산시단원구 원곡동 993-7도","경기도 안산시단원구 원시동 804도","28","49","6","매우좋음"
"2023-09-07","11:05","경기","안산시 단원구","신안산대학로","경기도 안산시단원구 초지동 663-10도","경기도 안산시단원구 초지동 660-27 도","28","48","22","매우좋음"
"2023-09-07","11:14","경기","안산시 단원구","초지로","경기도 안산시단원구 초지동 794 도","경기도 안산시단원구 초지동 602-2도","29","47","7","매우좋음"
"2023-09-07","11:26","경기","안산시 단원구","한양대학로","경기도 안산시단원구 고잔동 554-2도","경기도 안산시단원구 고잔동 847천","29","46","5","매우좋음"
"2023-09-07","11:32","경기","안산시 단원구","광덕동로","경기도 안산시단원구 고잔동 827도","경기도 안산시단원구 고잔동 823도","29","47","11","매우좋음"
"2023-09-07","11:41","경기","안산시 단원구","광덕서로","경기도 안산시단원구 고잔동 789도","경기도 안산시단원구 고잔동 811도","30","45","12","매우좋음"
"2023-09-07","11:49","경기","안산시 단원구","광덕대로","경기도 안산시단원구 고잔동 847천","경기도 안산시단원구 고잔동 554도","30","45","5","매우좋음"
"2023-09-07","12:07","경기","안산시 단원구","적금로","경기도 안산시단원구 고잔동 630도","경기도 안산시단원구 고잔동 784도","30","43","6","매우좋음"
"2023-09-07","12:42","경기","안산시 단원구","초지1로","경기도 안산시단원구 초지동 781도","경기도 안산시단원구 초지동 793 도","31","42","40","매우좋음"
"2023-09-07","12:47","경기","안산시 단원구","광덕1로","경기도 안산시단원구 초지동 793 도","경기도 안산시단원구 고잔동 785천","31","43","6","매우좋음"
"2023-09-07","12:58","경기","안산시 상록구","광덕1로","경기도 안산시상록구 이동 757천","경기도 안산시상록구 이동 726도","31","43","6","매우좋음"
"2023-09-07","13:02","경기","안산시 상록구","광덕3로","경기도 안산시상록구 이동 726도","경기도 안산시상록구 이동 759천","31","44","8","매우좋음"
"2023-09-07","13:05","경기","안산시 단원구","광덕3로","경기도 안산시단원구 고잔동 831천","경기도 안산시단원구 초지동 793 도","32","42","8","매우좋음"
"2023-09-07","13:20","경기","안산시 단원구","광덕2로","경기도 안산시단원구 초지동 793 도","경기도 안산시단원구 고잔동 845도","31","43","11","매우좋음"
"2023-09-07","13:35","경기","안산시 상록구","삼리로","경기도 안산시상록구 사동 1609도","경기도 안산시상록구 사동 1605도","31","42","10","매우좋음"
"2023-09-07","13:44","경기","안산시 상록구","감골로","경기도 안산시상록구 사동 1212-5도","경기도 안산시상록구 사동 1628도","31","40","11","매우좋음"
"2023-09-07","13:51","경기","안산시 상록구","선진로","경기도 안산시상록구 사동 1628도","경기도 안산시상록구 사동 1628도","31","43","16","매우좋음"
"2023-09-07","13:59","경기","안산시 상록구","이호로","경기도 안산시상록구 본오동 995도","경기도 안산시상록구 본오동 881-77도","31","41","52","좋음"
"2023-09-07","14:09","경기","안산시 상록구","반석로","경기도 안산시상록구 본오동 828-13도","경기도 안산시상록구 본오동 881도","33","37","18","매우좋음"
"2023-09-07","14:20","경기","안산시 상록구","본오로","경기도 안산시상록구 본오동 875-6도","경기도 안산시상록구 본오동 1158도","33","36","6","매우좋음"
"2023-09-07","14:30","경기","안산시 상록구","샘골로","경기도 안산시상록구 본오동 1158도","경기도 안산시상록구 본오동 881-8도","33","36","16","매우좋음"
"2023-09-07","14:47","경기","안산시 단원구","중앙대로","경기도 안산시단원구 고잔동 554-2도","경기도 안산시단원구 성곡동 693도","33","36","4","매우좋음"
"2023-09-07","15:12","경기","안산시 단원구","삼일로","경기도 안산시단원구 신길동 1375 도","경기도 안산시단원구 고잔동 570-2천","32","37","4","매우좋음"
"2023-09-07","15:29","경기","안산시 상록구","삼일로","경기도 안산시상록구 성포동 679-14천","경기도 안산시상록구 부곡동 708-1도","32","37","7","매우좋음"
"2023-09-07","11:02","서울","광진구","아차산로","서울특별시 광진구 광장동 2-6임","서울특별시 광진구 자양동 23-11구","29","67","5","매우좋음"
"2023-09-07","11:18","서울","광진구","능동로","서울특별시 광진구 자양동 71-2제","서울특별시 광진구 중곡동 298-1 도","29","63","2","매우좋음"
"2023-09-07","11:32","서울","광진구","용마산로","서울특별시 광진구 중곡동 606-1 도","서울특별시 광진구 중곡동 272-14 도","29","63","1","매우좋음"
"2023-09-07","11:43","서울","광진구","긴고랑로","서울특별시 광진구 중곡동 263-1 도","서울특별시 광진구 중곡동 143-146 공","30","60","5","매우좋음"
"2023-09-07","11:58","서울","광진구","동일로","서울특별시 광진구 중곡동 587-1도","서울특별시 광진구 중곡동 263-1 도","31","57","2","매우좋음"
"2023-09-07","12:10","서울","광진구","뚝섬로","서울특별시 광진구 자양동 203-22 도","서울특별시 광진구 구의동 607 도","30","60","4","매우좋음"
"2023-09-07","12:30","서울","광진구","구의강변로","서울특별시 광진구 구의동 200-10 도","서울특별시 광진구 구의동 625-4도","31","61","9","매우좋음"
"2023-09-07","12:35","서울","광진구","자양로","서울특별시 광진구 자양동 753-2도","서울특별시 광진구 구의동 84-2도","31","58","4","매우좋음"
"2023-09-07","12:49","서울","광진구","천호대로","서울특별시 광진구 중곡동 680-16제","서울특별시 광진구 광장동 557-1천","31","57","4","매우좋음"
"2023-09-07","13:05","서울","광진구","광나루로","서울특별시 광진구 구의동 562천","서울특별시 광진구 군자동 355-9 도","32","58","3","매우좋음"
"2023-09-07","11:05","인천","남동구","소래로","인천광역시 남동구 만수동 990도","인천광역시 남동구 논현동 111-392 도","30","53","5","매우좋음"
"2023-09-07","11:21","인천","남동구","아암대로","인천광역시 남동구 논현동 111-463 도","인천광역시 남동구 고잔동 793 도","30","55","5","매우좋음"
"2023-09-07","11:30","인천","남동구","논현고잔로","인천광역시 남동구 고잔동 512-27 도","인천광역시 남동구 논현동 685도","30","54","39","매우좋음"
"2023-09-07","11:44","인천","남동구","앵고개로","인천광역시 남동구 논현동 26-1 도","인천광역시 남동구 고잔동 744천","31","50","4","매우좋음"
"2023-09-07","12:06","인천","남동구","능허대로","인천광역시 남동구 고잔동 744-1 천","인천광역시 남동구 고잔동 801 도","31","50","2","매우좋음"
"2023-09-07","12:14","인천","남동구","호구포로","인천광역시 남동구 고잔동 793 도","인천광역시 남동구 만수동 산2-2 임","31","50","4","매우좋음"
"2023-09-07","13:21","인천","남동구","남동대로","인천광역시 남동구 간석동 215-1도","인천광역시 남동구 고잔동 793 도","33","42","7","매우좋음"
"2023-09-07","13:48","인천","남동구","남동서로","인천광역시 남동구 고잔동 788-1도","인천광역시 남동구 남촌동 635도","33","43","11","매우좋음"
"2023-09-07","13:59","인천","남동구","비류대로","인천광역시 남동구 남촌동 632천","인천광역시 남동구 논현동 1-25유","33","43","6","매우좋음"
"2023-09-07","14:07","인천","남동구","논고개로","인천광역시 남동구 도림동 26-9 도","인천광역시 남동구 논현동 809 도","33","42","4","매우좋음"
"2023-09-07","14:21","인천","남동구","소래역로","인천광역시 남동구 논현동 727-1도","인천광역시 남동구 논현동 685도","32","42","6","매우좋음"
"2023-09-07","14:28","인천","남동구","포구로","인천광역시 남동구 논현동 685도","인천광역시 남동구 논현동 111-339 도","32","44","10","매우좋음"
"2023-09-07","14:35","인천","남동구","청능대로","인천광역시 남동구 논현동 26-1 도","인천광역시 남동구 고잔동 743제","33","41","9","매우좋음"
"2023-09-07","14:50","인천","남동구","은봉로","인천광역시 남동구 논현동 471-4도","인천광역시 남동구 논현동 26-1 도","32","42","26","매우좋음"
"2023-09-07","15:07","인천","남동구","논현로","인천광역시 남동구 논현동 693도","인천광역시 남동구 논현동 714도","33","40","6","매우좋음"
"2023-09-07","15:17","인천","남동구","은청로","인천광역시 남동구 고잔동 768도","인천광역시 남동구 고잔동 748도","33","42","11","매우좋음"
"2023-09-07","09:41","서울","강서구","개화동로","서울특별시 강서구 개화동 659천","서울특별시 강서구 방화동 886-15 도","29","59","8","매우좋음"
"2023-09-07","09:51","서울","강서구","공항대로","서울특별시 강서구 방화동 621-4도","서울특별시 양천구 목동 560도","29","52","8","매우좋음"
"2023-09-07","10:29","서울","강서구","양천로","서울특별시 강서구 염창동 259-8제","서울특별시 강서구 방화동 515-4도","29","52","13","매우좋음"
"2023-09-07","10:55","서울","강서구","초원로","서울특별시 강서구 방화동 651-1도","서울특별시 강서구 방화동 217-156 도","30","49","9","매우좋음"
"2023-09-07","11:00","서울","강서구","마곡중앙5로","서울특별시 강서구 방화동 217-156 도","서울특별시 강서구 마곡동 278-6답","30","49","92","좋음"
"2023-09-07","11:08","서울","강서구","방화대로","서울특별시 강서구 외발산동 산71-15 임","서울특별시 강서구 방화동 46-1 제","30","48","14","매우좋음"
"2023-09-07","11:14","서울","강서구","금낭화로","서울특별시 강서구 방화동 813-17도","서울특별시 강서구 방화동 산 63-2 도","30","47","5","매우좋음"
"2023-09-07","11:27","서울","강서구","하늘길","서울특별시 강서구 방화동 886-15 도","서울특별시 강서구 외발산동 423-1도","30","48","4","매우좋음"
"2023-09-07","11:48","서울","강서구","남부순환로","서울특별시 강서구 방화동 886-15 도","서울특별시 강서구 외발산동 산91-8 임","31","48","9","매우좋음"
"2023-09-07","11:59","서울","강서구","수명로","서울특별시 강서구 외발산동 213도","서울특별시 강서구 내발산동 751-2 도","30","49","6","매우좋음"
"2023-09-07","12:02","서울","강서구","마곡중앙로","서울특별시 강서구 내발산동 751-2 도","서울특별시 강서구 마곡동 228-5제","31","46","56","좋음"
"2023-09-07","12:13","서울","강서구","허준로","서울특별시 강서구 가양동 1457-6도","서울특별시 강서구 가양동 1484-6도","31","45","4","매우좋음"
"2023-09-07","12:29","서울","강서구","등촌로","서울특별시 양천구 목동 605-21도","서울특별시 강서구 화곡동 939-4도","32","40","5","매우좋음"
"2023-09-07","12:35","서울","강서구","국회대로","서울특별시 양천구 목동 409-384천","서울특별시 양천구 신월동 835도","32","39","9","매우좋음"
"2023-09-07","13:26","서울","강서구","가로공원로","서울특별시 강서구 화곡동 662-19도","서울특별시 강서구 화곡동 662-10도","33","35","7","매우좋음"
"2023-09-07","13:29","서울","강서구","강서로","서울특별시 강서구 화곡동 951-6 도","서울특별시 강서구 가양동 439-1제","33","35","9","매우좋음"
"2023-09-07","13:53","서울","강서구","화곡로","서울특별시 마포구 상암동 496-155천","서울특별시 강서구 화곡동 1089-60도","34","35","4","매우좋음"
"2023-09-07","11:46","경기","오산시","동부대로","경기도 오산시 부산동 209-5 도","경기도 오산시 갈곶동 398-4 구","31","41","8","매우좋음"
"2023-09-07","12:02","경기","오산시","남부대로","경기도 오산시 고현동 194도","경기도 오산시 벌음동 138-2도","31","40","10","매우좋음"
"2023-09-07","12:24","경기","오산시","가장로","경기도 오산시 가장동 산 70-2도","경기도 오산시 가수동 289-12 도","30","39","59","좋음"
"2023-09-07","12:33","경기","오산시","성호대로","경기도 오산시 가수동 289-12 도","경기도 오산시 부산동 736답","31","38","15","매우좋음"
"2023-09-07","13:05","경기","오산시","운암로","경기도 오산시 원동 819도","경기도 오산시 오산동 926도","31","39","5","매우좋음"
"2023-09-07","13:11","경기","오산시","경기동로","경기도 오산시 부산동 1-2 도","경기도 오산시 오산동 62-2도","32","36","7","매우좋음"
"2023-09-07","13:24","경기","오산시","청학로","경기도 오산시 가수동 289-12 도","경기도 오산시 내삼미동 901도","32","36","4","매우좋음"
"2023-09-07","13:36","경기","오산시","북삼미로","경기도 오산시 내삼미동 902도","경기도 오산시 외삼미동 138-1도","32","37","11","매우좋음"
"2023-09-07","13:53","경기","오산시","문시로","경기도 오산시 외삼미동 산 32-2도","경기도 오산시 외삼미동 638도","32","36","6","매우좋음"
"2023-09-07","14:04","경기","오산시","경기대로","경기도 오산시 갈곶동 233도","경기도 오산시 세교동 160-11도","32","36","16","매우좋음"
"2023-09-07","14:23","경기","오산시","오산로","경기도 오산시 갈곶동 196-1도","경기도 오산시 수청동 111-12도","32","36","19","매우좋음"
"2023-09-07","14:38","경기","오산시","궐리사로","경기도 오산시 궐동 715 도","경기도 오산시 궐동 711 도","32","36","6","매우좋음"
"2023-09-07","14:45","경기","오산시","수목원로","경기도 오산시 탑동 88-6도","경기도 오산시 세교동 628도","32","37","7","매우좋음"
"2023-09-07","15:09","경기","오산시","오산대역로","경기도 오산시 금암동 298도","경기도 오산시 내삼미동 902도","31","39","13","매우좋음"
"2023-09-07","15:25","경기","오산시","내삼미로","경기도 오산시 내삼미동 902도","경기도 오산시 수청동 75도","31","41","36","매우좋음"
"2023-09-07","15:38","경기","오산시","수청로","경기도 오산시 수청동 604도","경기도 오산시 금암동 481구","32","40","9","매우좋음"
"2023-09-08","09:44","경기","안산시 상록구","순환로","경기도 안산시상록구 부곡동 739-25도","경기도 안산시상록구 월피동 536-47도","26","57","22","매우좋음"
"2023-09-08","09:50","경기","안산시 단원구","순환로","경기도 안산시단원구 와동 268-1도","경기도 안산시단원구 선부동 1166-3 도","26","57","42","매우좋음"
"2023-09-08","10:04","경기","안산시 단원구","산단로","경기도 안산시단원구 선부동 991-32 도","경기도 안산시단원구 원시동 828도","27","54","5","매우좋음"
"2023-09-08","10:29","경기","안산시 단원구","성곡로","경기도 안산시단원구 성곡동 622-1도","경기도 시흥시 거모동 1678-80도","28","51","13","매우좋음"
"2023-09-08","10:46","경기","안산시 단원구","화랑로","경기도 안산시단원구 원곡동 982도","경기도 안산시단원구 고잔동 570-2천","28","51","9","매우좋음"
"2023-09-08","11:08","경기","안산시 단원구","고잔로","경기도 안산시단원구 고잔동 570-2천","경기도 안산시단원구 고잔동 544도","28","50","15","매우좋음"
"2023-09-08","11:28","경기","안산시 상록구","항가울로","경기도 안산시상록구 성포동 679-9도","경기도 안산시상록구 사동 1628도","28","50","9","매우좋음"
"2023-09-08","12:07","경기","안산시 상록구","석호로","경기도 안산시상록구 본오동 828-17도","경기도 안산시상록구 이동 725도","29","49","10","매우좋음"
"2023-09-08","12:31","경기","안산시 상록구","용신로","경기도 안산시상록구 일동 705-1도","경기도 안산시상록구 사동 1270-6도","30","46","5","매우좋음"
"2023-09-08","12:51","경기","안산시 단원구","안산천남로","경기도 안산시단원구 고잔동 554-2도","경기도 안산시단원구 초지동 784도","30","46","15","매우좋음"
"2023-09-08","13:00","경기","안산시 단원구","화정천동로","경기도 안산시단원구 고잔동 850도","경기도 안산시단원구 와동 878도","30","45","9","매우좋음"
"2023-09-08","13:20","경기","안산시 단원구","화정천서로","경기도 안산시단원구 와동 880도","경기도 안산시단원구 초지동 794 도","30","45","10","매우좋음"
"2023-09-08","13:46","경기","안산시 단원구","동산로","경기도 안산시단원구 원시동 803도","경기도 안산시단원구 선부동 1075도","30","44","10","매우좋음"
"2023-09-08","13:56","경기","안산시 단원구","선부로","경기도 안산시단원구 선부동 1158-7도","경기도 안산시단원구 와동 268-1도","30","44","64","좋음"
"2023-09-08","14:50","경기","안산시 상록구","충장로","경기도 안산시상록구 부곡동 739-21도","경기도 안산시상록구 본오동 1158도","31","45","8","매우좋음"
"2023-09-08","14:04","경기","의왕시","포일세거리로","경기도 의왕시 포일동 679 도","경기도 의왕시 포일동 485-5도","29","46","6","매우좋음"
"2023-09-08","14:10","경기","의왕시","안양판교로","경기도 의왕시 포일동 산61-4임","경기도 의왕시 청계동 134-8도","30","43","4","매우좋음"
"2023-09-08","14:18","경기","의왕시","덕장로","경기도 의왕시 청계동 999도","경기도 의왕시 포일동 108-2도","29","43","3","매우좋음"
"2023-09-08","14:22","경기","의왕시","포일로","경기도 의왕시 포일동 산63-18임","경기도 의왕시 내손동 713-1도","31","43","9","매우좋음"
"2023-09-08","09:39","서울","양천구","안양천로","서울특별시 양천구 목동 560도","서울특별시 양천구 신정동 871-30도","28","70","7","매우좋음"
"2023-09-08","09:55","서울","양천구","목동로","서울특별시 양천구 신정동 330-8제","서울특별시 양천구 신정동 1060도","27","72","5","매우좋음"
"2023-09-08","10:02","서울","양천구","등촌로","목동 807-5","목동 606-3","28","68","8","매우좋음"
"2023-09-08","10:09","서울","양천구","공항대로","목동 606-18","목동 518","28","68","4","매우좋음"
"2023-09-08","10:14","서울","양천구","목동서로","서울특별시 양천구 목동 910-2제","서울특별시 양천구 신정동 324-4도","28","68","4","매우좋음"
"2023-09-08","10:27","서울","양천구","목동동로","서울특별시 양천구 신정동 574-1도","서울특별시 양천구 목동 910-2제","28","67","2","매우좋음"
"2023-09-08","10:48","서울","양천구","목동중앙로","서울특별시 양천구 목동 919-1도","서울특별시 양천구 목동 136-2도","28","68","10","매우좋음"
"2023-09-08","11:01","서울","양천구","신목로","서울특별시 양천구 목동 916-1도","서울특별시 양천구 신정동 139-2제","28","64","9","매우좋음"
"2023-09-08","11:13","서울","양천구","신월로","서울특별시 양천구 신정동 1094도","서울특별시 양천구 신월동 728-28 도","29","60","15","매우좋음"
"2023-09-08","11:24","서울","양천구","신정이펜1로","서울특별시 양천구 신정동 1322-1 공","서울특별시 양천구 신정동 1316-9 도","29","62","13","매우좋음"
"2023-09-08","11:28","서울","양천구","신정로7길","서울특별시 양천구 신정동 산 125-24 도","서울특별시 양천구 신정동 828 도","29","63","10","매우좋음"
"2023-09-08","11:41","서울","양천구","신정로","서울특별시 양천구 신정동 831-2 도","서울특별시 양천구 신정동 574-1도","29","61","8","매우좋음"
"2023-09-08","11:49","서울","양천구","목동로3길","서울특별시 양천구 신정동 620-2도","서울특별시 양천구 신정동 328-5도","29","62","6","매우좋음"
"2023-09-08","11:56","서울","양천구","목동남로","서울특별시 양천구 신정동 330-9도","서울특별시 양천구 신정동 325-12도","30","59","6","매우좋음"
"2023-09-08","11:59","서울","양천구","중앙로","서울특별시 양천구 신정동 620-2도","서울특별시 양천구 신월동 862도","29","60","7","매우좋음"
"2023-09-08","12:15","서울","양천구","오목로","서울특별시 양천구 목동 409-379천","서울특별시 양천구 신월동 838도","31","57","7","매우좋음"
"2023-09-08","13:20","서울","양천구","가로공원로","서울특별시 양천구 신월동","서울특별시 양천구 신월동 39-5 도","32","53","16","매우좋음"
"2023-09-08","13:25","서울","양천구","화곡로","서울특별시 양천구 신월동 38-6 도","서울특별시 양천구 신월동 258도","31","55","5","매우좋음"
"2023-09-08","13:38","서울","양천구","남부순환로","서울특별시 양천구 신월동","서울특별시 양천구 신정동 857-3 도","32","54","5","매우좋음"
"2023-09-08","09:32","인천","미추홀구","방축로","도화동 967-3","주안동 3-46","28","58","2","매우좋음"
"2023-09-08","09:38","인천","미추홀구","염전로","인천광역시 남동구 간석동 618-3도","인천광역시 미추홀구 도화동 981-1도","27","59","24","매우좋음"
"2023-09-08","09:48","인천","미추홀구","송림로","인천광역시 미추홀구 도화동 20-10 도","인천광역시 미추홀구 도화동 252-4 도","28","58","3","매우좋음"
"2023-09-08","09:51","인천","미추홀구","장고개로","인천광역시 미추홀구 도화동 974-1도","인천광역시 미추홀구 도화동 255도","28","57","9","매우좋음"
"2023-09-08","09:59","인천","미추홀구","주안로","인천광역시 미추홀구 도화동 546도","인천광역시 미추홀구 주안동 883도","28","57","7","매우좋음"
"2023-09-08","10:08","인천","미추홀구","경인로","인천광역시 미추홀구 주안동 957도","인천광역시 미추홀구 숭의동 162-14도","28","56","6","매우좋음"
"2023-09-08","10:28","인천","미추홀구","독배로","인천광역시 미추홀구 숭의동 162-14도","인천광역시 미추홀구 학익동 626-7 도","28","55","8","매우좋음"
"2023-09-08","10:37","인천","미추홀구","소성로","인천광역시 미추홀구 용현동 672-3 도","인천광역시 미추홀구 문학동 428도","29","56","7","매우좋음"
"2023-09-08","10:50","인천","미추홀구","매소홀로","인천광역시 미추홀구 관교동 561 도","인천광역시 미추홀구 용현동 627-567 도","29","55","7","매우좋음"
"2023-09-08","11:15","인천","미추홀구","아암대로","인천광역시 미추홀구 학익동 587-115도","인천광역시 미추홀구 숭의동 443-1도","29","56","10","매우좋음"
"2023-09-08","11:31","인천","미추홀구","인하로","인천광역시 미추홀구 용현동 345-1 도","인천광역시 미추홀구 관교동 16도","29","54","6","매우좋음"
"2023-09-08","11:42","인천","미추홀구","인주대로","인천광역시 미추홀구 주안동 1484도","인천광역시 미추홀구 숭의동 440-16 철","30","54","8","매우좋음"
"2023-09-08","11:56","인천","미추홀구","석정로","인천광역시 미추홀구 숭의동 162-14도","인천광역시 미추홀구 주안동 40-4도","29","57","7","매우좋음"
"2023-09-08","12:14","인천","미추홀구","경원대로","인천광역시 미추홀구 문학동 23-3 도","인천광역시 미추홀구 주안동 40-4도","31","53","8","매우좋음"
"2023-09-08","13:40","인천","미추홀구","미추홀대로","인천광역시 미추홀구 학익동 82-18 임","인천광역시 미추홀구 주안동 234도","31","54","14","매우좋음"
"2023-09-08","13:56","인천","미추홀구","한나루로","인천광역시 미추홀구 도화동 546도","인천광역시 미추홀구 학익동 180-11 도","31","55","8","매우좋음"
"2023-09-08","09:29","인천","중구","월미로","인천광역시 중구 선린동 58-1 도","인천광역시 중구 북성동1가 119도","27","51","40","매우좋음"
"2023-09-08","09:44","인천","중구","인중로","인천광역시 중구 북성동1가 3-55철","인천광역시 중구 신흥동3가 11-4 도","27","49","15","매우좋음"
"2023-09-08","09:54","인천","중구","제물량로","인천광역시 중구 신흥동3가 40-1 도","인천광역시 중구 북성동1가 10도","28","48","15","매우좋음"
"2023-09-08","10:11","인천","중구","참외전로","인천광역시 중구 송월동3가 17도","인천광역시 중구 도원동 64-43도","28","46","29","매우좋음"
"2023-09-08","10:27","인천","중구","우현로","인천광역시 중구 사동 26-19도","인천광역시 중구 인현동 1-2도","28","46","16","매우좋음"
"2023-09-08","10:33","인천","중구","서해대로","인천광역시 중구 유동 2-74도","인천광역시 중구 신흥동3가 77잡","29","46","28","매우좋음"
"2023-09-08","10:50","인천","중구","축항대로290번길","인천광역시 중구 신흥동3가 79도","인천광역시 중구 신흥동3가 35도","28","49","92","좋음"
"2023-09-08","10:58","인천","중구","축항대로","인천광역시 남구 용현동 627-24제","인천광역시 중구 북성동1가 104-1도","29","49","102","보통"
"2023-09-08","11:41","인천","중구","연안부두로","인천광역시 중구 항동7가 27-19 도","인천광역시 중구 항동7가 72 도","29","52","102","보통"
"2023-09-08","11:45","인천","중구","축항대로118번길","인천광역시 중구 항동7가 72 도","인천광역시 중구 항동7가 27-45도","28","52","54","좋음"
"2023-09-08","11:53","인천","중구","축항대로86번길","인천광역시 중구 항동7가 27-19 도","인천광역시 중구 항동7가 72 도","28","53","71","좋음"
"2023-09-08","12:15","인천","중구","축항대로296번길","인천광역시 중구 신흥동3가 35도","인천광역시 중구 신흥동3가 80 도","29","52","31","매우좋음"
"2023-09-08","12:20","인천","중구","서해대로94번길","인천광역시 중구 신흥동3가 58-6 도","인천광역시 중구 신흥동3가 69-1 도","28","53","7","매우좋음"
"2023-09-08","12:51","인천","중구","자유무역로","인천광역시 중구 운서동 3181 도","인천광역시 중구 운서동 3190 도","29","53","21","매우좋음"
"2023-09-08","13:08","인천","중구","신도시남로","인천광역시 중구 운서동 2818도","인천광역시 중구 운서동 2818도","29","53","13","매우좋음"
"2023-09-08","13:12","인천","중구","신도시북로","인천광역시 중구 운서동 2818도","인천광역시 중구 운서동 2818도","29","56","7","매우좋음"
"2023-09-08","13:18","인천","중구","흰바위로","인천광역시 중구 운서동 2821도","인천광역시 중구 운남동 1768도","29","52","7","매우좋음"
"2023-09-08","13:34","인천","중구","영종대로","인천광역시 중구 운서동 2819도","인천광역시 중구 중산동 1097-307답","29","53","17","매우좋음"
"2023-09-08","14:20","인천","중구","하늘중앙로","인천광역시 중구 중산동 1933-7 도","인천광역시 중구 중산동 1992도","29","54","25","매우좋음"
"2023-09-08","14:30","인천","중구","하늘달빛로","인천광역시 중구 중산동 2002도","인천광역시 중구 중산동 1975도","29","55","23","매우좋음"
"2023-09-08","14:36","인천","중구","하늘별빛로","인천광역시 중구 중산동 1977도","인천광역시 중구 중산동 2002도","29","55","23","매우좋음"
"2023-09-08","14:44","인천","중구","은하수로","인천광역시 중구 중산동 1984-3도","인천광역시 중구 중산동 1992도","29","54","38","매우좋음"
"2023-09-08","14:54","인천","중구","넙디로","인천광역시 중구 운남동 1768도","인천광역시 중구 운서동 3236도","29","53","17","매우좋음"
"2023-09-08","15:02","인천","중구","햇내로","인천광역시 중구 운서동 3161-1도","인천광역시 중구 운북동 656-28 도","29","54","24","매우좋음"
"2023-09-11","15:32","전남","순천시","강남로","전라남도 순천시 풍덕동 1297도","전라남도 순천시 중앙동 52-1도","31","59","13","매우좋음"
"2023-09-11","15:42","전남","순천시","장명로","전라남도 순천시 장천동 87-1도","전라남도 순천시 장천동 87-1도","31","61","75","좋음"
"2023-09-11","15:45","전남","순천시","중앙로","전라남도 순천시 장천동 87-1도","전라남도 순천시 가곡동 940 도","31","59","6","매우좋음"
"2023-09-11","16:04","전남","순천시","순광로","전라남도 순천시 해룡면 복성리 603-4도","전라남도 순천시 조례동 1224-1도","30","66","5","매우좋음"
"2023-09-11","17:03","전남","순천시","충효로","전라남도 순천시 조례동 1233-1도","전라남도 순천시 연향동 1304-51도","30","67","10","매우좋음"
"2023-09-11","17:13","전남","순천시","팔마로","전라남도 순천시 장천동 87-1도","전라남도 순천시 연향동 850-2도","29","70","6","매우좋음"
"2023-09-11","17:15","전남","순천시","남승룡로","전라남도 순천시 연향동 1299-2 도","전라남도 순천시 덕월동 349 도","29","71","3","매우좋음"
"2023-09-11","13:58","전북","전주시 덕진구","안전로","전라북도 전주시덕진구 장동 1106 도","전라북도 전주시덕진구 장동 1076 도","31","75","3","매우좋음"
"2023-09-11","14:05","전북","전주시 덕진구","중동로","전라북도 전주시덕진구 장동 1096 도","전라북도 전주시덕진구 장동","31","74","5","매우좋음"
"2023-09-11","14:11","전북","전주시 덕진구","기지로","전라북도 전주시덕진구 장동 1106 도","전라북도 전주시덕진구 만성동 1241 도","31","74","4","매우좋음"
"2023-09-11","14:17","전북","전주시 덕진구","만성로","전라북도 전주시덕진구 만성동 1239 도","전라북도 전주시덕진구 만성동 1386 도","31","74","6","매우좋음"
"2023-09-11","14:24","전북","전주시 덕진구","만성중앙로","전라북도 전주시덕진구 만성동 1328 도","전라북도 전주시덕진구 만성동 1298 도","31","73","27","매우좋음"
"2023-09-11","14:26","전북","전주시 덕진구","만성북로","전라북도 전주시덕진구 만성동 1379 도","전라북도 전주시덕진구 만성동 1417 도","31","74","5","매우좋음"
"2023-09-11","14:32","전북","전주시 덕진구","만성동로","전라북도 전주시덕진구 만성동 1410 도","전라북도 전주시덕진구 만성동 1319 도","31","73","11","매우좋음"
"2023-09-11","14:36","전북","전주시 덕진구","만성서로","전라북도 전주시덕진구 만성동 1207 도","전라북도 전주시덕진구 여의동 852 도","31","74","4","매우좋음"
"2023-09-11","15:08","전북","익산시","익산대로","전라북도 익산시 평화동 258-2도","충청남도 논산시 강경읍 채산리 573-2 제","32","69","15","매우좋음"
"2023-09-11","15:26","전북","익산시","인북로","전라북도 익산시 신동 719-4구","전라북도 익산시 인화동1가 191도","32","70","15","매우좋음"
"2023-09-11","15:47","전북","익산시","배산로","전라북도 익산시 송학동 224-130 도","전라북도 익산시 모현동2가 258-7도","31","77","19","매우좋음"
"2023-09-11","15:57","전북","익산시","무왕로","전라북도 익산시 오산면 남전리 811천","전라북도 완주군 봉동읍 제내리","31","77","20","매우좋음"
"2023-09-11","16:10","전북","익산시","선화로","전라북도 익산시 부송동 132-40 도","전라북도 익산시 오산면 장신리 1094-9 도","31","76","8","매우좋음"
"2023-09-11","16:30","전북","익산시","동서로","전라북도 익산시 모현동2가 482-1 도","전라북도 익산시 부송동 1067도","30","76","18","매우좋음"
"2023-09-11","13:31","충남","공주시","무령로","충청남도 공주시 웅진동 546-2전","충청남도 공주시 금흥동 551 도","31","64","3","매우좋음"
"2023-09-11","13:41","충남","공주시","번영1로","충청남도 공주시 월송동 528-19 도","충청남도 공주시 신관동 637도","31","62","10","매우좋음"
"2023-09-11","14:20","충남","청양군","칠갑산로","충청남도 청양군 청양읍 장승리 111-13 도","충청남도 청양군 목면 송암리 315-1 천","30","64","14","매우좋음"
"2023-09-11","14:25","충남","청양군","문화예술로","충청남도 청양군 청양읍 벽천리 599 도","충청남도 청양군 청양읍 송방리 75-2 도","30","65","10","매우좋음"
"2023-09-11","14:54","충남","보령시","대청로","충청남도 보령시 청라면 소양리 167-9 도","충청남도 보령시 명천동 1005도","30","69","3","매우좋음"
"2023-09-11","15:00","충남","보령시","대해로","충청남도 보령시 명천동 479-11 도","충청남도 보령시 신흑동 2109도","30","68","3","매우좋음"
"2023-09-11","15:07","충남","보령시","주공로","충청남도 보령시 동대동 1958도","충청남도 보령시 명천동 324-2도","30","67","4","매우좋음"
"2023-09-11","15:14","충남","보령시","보령남로","충청남도 보령시 남포면 옥동리 266-9도","충청남도 보령시 명천동 978도","29","67","4","매우좋음"
"2023-09-11","15:19","충남","보령시","중앙로","충청남도 보령시 명천동 978도","충청남도 보령시 대천동 산9-4도","29","68","3","매우좋음"
"2023-09-11","15:28","충남","보령시","보령북로","충청남도 보령시 주교면 관창리 356-10 도","충청남도 보령시 동대동 1958도","29","70","29","매우좋음"
"2023-09-11","15:35","충남","보령시","한내로","충청남도 보령시 명천동 산12-41도","충청남도 보령시 동대동 1958도","29","68","6","매우좋음"
"2023-09-11","16:35","충남","홍성군","충남대로","충청남도 홍성군 홍북읍 신경리 1905 도","충청남도 홍성군 홍북읍 신정리 518전","29","75","6","매우좋음"
"2023-09-11","16:39","충남","홍성군","홍예로","충청남도 홍성군 홍북읍 신경리 1923 도","충청남도 홍성군 홍북읍 신경리 1908 도","29","75","6","매우좋음"
"2023-09-11","16:44","충남","홍성군","용봉로","충청남도 홍성군 홍북읍 신경리 2054 천","충청남도 홍성군 홍북읍 신경리 1906 도","29","73","4","매우좋음"
"2023-09-11","16:48","충남","홍성군","신대로","충청남도 홍성군 홍북읍 신경리 1906 도","충청남도 홍성군 홍북읍 신경리 1912 도","29","74","34","매우좋음"
"2023-09-11","16:53","충남","홍성군","청사로","충청남도 홍성군 홍북읍 신경리 1911 도","충청남도 홍성군 홍북읍 신경리 1919 도","29","72","8","매우좋음"
"2023-09-11","16:58","충남","홍성군","의향로","충청남도 홍성군 홍북읍 신경리 1914 도","충청남도 홍성군 홍북읍 신경리 1908 도","29","72","7","매우좋음"
"2023-09-11","17:09","충남","홍성군","도청대로","충청남도 예산군 삽교읍 목리 767도","충청남도 홍성군 홍성읍 소향리 65-2도","29","72","5","매우좋음"
"2023-09-11","17:17","충남","홍성군","남장로","충청남도 홍성군 홍성읍 고암리 1083도","충청남도 홍성군 홍성읍 옥암리 271-8도","28","72","4","매우좋음"
"2023-09-11","17:20","충남","홍성군","충서로","충청남도 홍성군 은하면 장척리 1088제","충청남도 홍성군 홍북읍 대인리 산115-1도","28","73","5","매우좋음"
"2023-09-11","15:43","울산","울주군","대리로","울산광역시 울주군 범서읍 굴화리 678-1천","울산광역시 울주군 범서읍 구영리 697-14도","30","75","5","매우좋음"
"2023-09-11","15:56","울산","울주군","구영로","울산광역시 울주군 범서읍 구영리 247-8답","울산광역시 울주군 범서읍 입암리 26-1 도","30","76","8","매우좋음"
"2023-09-11","16:01","울산","울주군","두동로","울산광역시 울주군 두동면 봉계리 510-3도","울산광역시 울주군 범서읍 입암리 427-3도","30","77","5","매우좋음"
"2023-09-11","16:04","울산","울주군","당앞로","울산광역시 울주군 범서읍 천상리 410-1수","울산광역시 울주군 범서읍 천상리 628-1천","30","77","20","매우좋음"
"2023-09-11","16:22","울산","울주군","울산역로","울산광역시 울주군 언양읍 구수리 813-4도","울산광역시 울주군 삼남면 교동리 1654도","29","83","5","매우좋음"
"2023-09-11","16:32","울산","울주군","남천로","울산광역시 울주군 언양읍 남부리 336-86도","울산광역시 울주군 언양읍 서부리 362-10도","29","84","6","매우좋음"
"2023-09-11","16:44","울산","울주군","교동로","울산광역시 울주군 삼남면 교동리 1523-35 도","울산광역시 울주군 언양읍 서부리 131도","28","89","10","매우좋음"
"2023-09-11","16:48","울산","울주군","읍성로","울산광역시 울주군 언양읍 서부리 386-33도","울산광역시 울주군 언양읍 동부리 53-2답","28","88","30","매우좋음"
"2023-09-11","17:23","경북","경주시","강변로","경상북도 경주시 사정동 496도","경상북도 경주시 천북면 신당리 927-9도","29","84","4","매우좋음"
"2023-09-11","17:38","경북","경주시","산업로","경상북도 경주시 강동면 유금리 산1-1임","경상북도 경주시 외동읍 모화리 산124-3임","28","87","5","매우좋음"
"2023-09-11","16:43","부산","사하구","감천항로","부산광역시 사하구 감천동 769-1도","부산광역시 사하구 구평동 472-15 도","28","73","38","매우좋음"
"2023-09-11","17:20","부산","사하구","을숙도대로","부산광역시 사하구 하단동 1207 전","부산광역시 사하구 감천동 715-6 도","29","70","26","매우좋음"
"2023-09-11","17:40","부산","사하구","감천로","부산광역시 사하구 감천동 831-1도","부산광역시 사하구 감천동 296-59 도","28","73","4","매우좋음"
"2023-09-11","17:46","부산","서구","감천로","부산광역시 서구 암남동 10-16 도","부산광역시 서구 암남동 221-1도","28","73","4","매우좋음"
"2023-09-12","08:49","전남","여수시","쌍봉로","전라남도 여수시 학동 134도","전라남도 여수시 둔덕동 526도","26","83","1","매우좋음"
"2023-09-12","08:51","전남","여수시","새터로","전라남도 여수시 신기동 172도","전라남도 여수시 신기동 78도","26","83","0","매우좋음"
"2023-09-12","08:55","전남","여수시","신월로","전라남도 여수시 신기동 78도","전라남도 여수시 서교동 652도","27","81","19","매우좋음"
"2023-09-12","09:05","전남","여수시","웅천로","전라남도 여수시 웅천동","전라남도 여수시 웅천동 1859-2 도","27","80","18","매우좋음"
"2023-09-12","09:07","전남","여수시","예울마루로","전라남도 여수시 웅천동 1758 도","전라남도 여수시 시전동 1002 대","27","81","15","매우좋음"
"2023-09-12","09:43","전남","광양시","중마로","전라남도 광양시 중동 1807 도","전라남도 광양시 마동 1125 도","27","77","13","매우좋음"
"2023-09-12","09:58","전남","광양시","중마중앙로","전라남도 광양시 중동 1820 도","전라남도 광양시 마동 1063임","28","75","4","매우좋음"
"2023-09-12","10:07","전남","광양시","오류로","전라남도 광양시 중동 1695도","전라남도 광양시 중동 1335도","28","74","8","매우좋음"
"2023-09-12","10:11","전남","광양시","광장로","전라남도 광양시 중동 1615도","전라남도 광양시 중동 1615도","28","74","5","매우좋음"
"2023-09-12","10:20","전남","광양시","중동로","전라남도 광양시 중동 1477도","전라남도 광양시 중동 1784도","28","74","15","매우좋음"
"2023-09-12","10:43","경남","하동군","산업로","전라남도 광양시 태인동","경상남도 하동군 금남면 계천리 357-2도","28","77","19","매우좋음"
"2023-09-12","12:20","경남","진주시","공단로","경상남도 진주시 상평동 55-41도","경상남도 진주시 상평동 283-1도","30","66","10","매우좋음"
"2023-09-12","12:30","경남","진주시","진양호로","경상남도 진주시 옥봉동 809도","경상남도 진주시 판문동 1251-3 도","30","62","5","매우좋음"
"2023-09-12","12:50","경남","진주시","새평거로","경상남도 진주시 평거동 1126 도","경상남도 진주시 평거동 215-1 도","30","63","33","매우좋음"
"2023-09-12","12:54","경남","진주시","평거로","경상남도 진주시 평거동 215-1 도","경상남도 진주시 이현동 551 구","30","62","17","매우좋음"
"2023-09-12","13:03","경남","진주시","진주대로","경상남도 진주시 명석면 외율리 1105 도","경상남도 진주시 정촌면 예하리 1235-3구","31","58","8","매우좋음"
"2023-09-12","13:21","경남","진주시","동진로","경상남도 진주시 칠암동 409도","경상남도 진주시 문산읍 소문리 575 도","31","59","4","매우좋음"
"2023-09-12","13:47","경남","진주시","대신로","경상남도 진주시 미천면 효자리 산76-1 도","경상남도 진주시 호탄동 산134-14 도","31","58","9","매우좋음"
"2023-09-12","14:33","경남","고성군","송학로","경상남도 고성군 고성읍 교사리 374-2도","경상남도 고성군 고성읍 송학리 236-1도","29","72","33","매우좋음"
"2023-09-12","15:39","경남","창원시 마산회원구","3·15대로","경상남도 창원시 마산회원구 구암동 1031-2 천","경상남도 창원시 마산회원구 회원동 72-3 도","31","60","9","매우좋음"
"2023-09-12","15:48","경남","창원시 마산합포구","3·15대로","경상남도 창원시 마산합포구 산호동 643천","경상남도 창원시 마산합포구 해운동 13-9 도","30","65","3","매우좋음"
"2023-09-12","16:04","경남","창원시 마산합포구","밤밭고개로","경상남도 창원시 마산합포구 해운동 21도","경상남도 창원시 마산합포구 현동 1594구","29","71","6","매우좋음"
"2023-09-12","16:08","경남","창원시 마산합포구","무학로","경상남도 창원시 마산합포구 월영동 산134-61도","경상남도 창원시 마산합포구 교방동 388도","29","70","7","매우좋음"
"2023-09-12","16:13","경남","창원시 마산합포구","천하장사로","경상남도 창원시 마산합포구 교방동 388도","경상남도 창원시 마산합포구 상남동 162-253도","29","66","6","매우좋음"
"2023-09-12","16:24","경남","창원시 마산회원구","삼호로","경상남도 창원시 마산회원구 회성동 471도","경상남도 창원시 마산회원구 양덕동 949-10천","30","64","5","매우좋음"
"2023-09-12","16:30","경남","창원시 마산회원구","봉양로","경상남도 창원시 마산회원구 양덕동 147도","경상남도 창원시 마산회원구 봉암동 671 도","31","61","9","매우좋음"
"2023-09-12","09:36","전북","군산시","임해로","전라북도 군산시 소룡동 486도","전라북도 군산시 소룡동 48도","26","100","107","보통"
"2023-09-12","09:48","전북","군산시","자유로","전라북도 군산시 소룡동 1656도","전라북도 군산시 비응도동 15 도","26","100","41","매우좋음"
"2023-09-12","10:10","전북","군산시","산단남북로","전라북도 군산시 오식도동 1008 도","전라북도 군산시 오식도동 516 도","27","99","98","좋음"
"2023-09-12","10:13","전북","군산시","생멀로","전라북도 군산시 소룡동 1654도","전라북도 군산시 오식도동 766 도","26","100","72","좋음"
"2023-09-12","10:17","전북","군산시","가도로","전라북도 군산시 오식도동 821 도","전라북도 군산시 오식도동 516 도","27","99","566","매우나쁨"
"2023-09-12","10:31","전북","군산시","서해로","전라북도 군산시 비응도동 3 도","전라북도 군산시 소룡동 1-11도","27","100","121","보통"
"2023-09-12","11:24","충남","서천군","사곡로","충청남도 서천군 서천읍 사곡리 339-3 도","충청남도 서천군 서천읍 화금리 670-8 도","28","93","31","매우좋음"
"2023-09-12","11:28","충남","서천군","서문로","충청남도 서천군 문산면 은곡리 산3-3 임","충청남도 서천군 서천읍 군사리 173-4 도","28","94","80","좋음"
"2023-09-12","11:30","충남","서천군","충절로","충청남도 서천군 한산면 원산리 333 구","충청남도 서천군 서천읍 군사리 817-7 도","28","95","27","매우좋음"
"2023-09-12","12:30","충남","부여군","계백로","충청남도 부여군 규암면 반산리 357 도","충청남도 부여군 부여읍 쌍북리 568-7도","28","93","23","매우좋음"
"2023-09-12","12:33","충남","부여군","금성로","충청남도 부여군 부여읍 동남리 340-1도","충청남도 부여군 부여읍 중정리 39-9제","28","93","16","매우좋음"
"2023-09-12","12:41","충남","부여군","성왕로","충청남도 부여군 부여읍 가탑리 5-18 답","충청남도 부여군 부여읍 군수리 53-1 답","28","93","13","매우좋음"
"2023-09-12","12:45","충남","부여군","사비로","충청남도 부여군 부여읍 구아리 439 도","충청남도 부여군 부여읍 동남리 177-3 도","28","92","37","매우좋음"
"2023-09-12","12:51","충남","부여군","석탑로","충청남도 부여군 부여읍 동남리 765-1도","충청남도 부여군 부여읍 구아리 439 도","28","92","25","매우좋음"
"2023-09-12","14:45","충남","논산시","논산대로","충청남도 논산시 채운면 화산리 179-2 도","충청남도 논산시 지산동 724 도","31","79","12","매우좋음"
"2023-09-12","15:17","충남","논산시","관촉로","충청남도 논산시 취암동 1053 도","충청남도 논산시 관촉동 370 구","32","75","14","매우좋음"
"2023-09-12","15:26","충남","논산시","대학로","충청남도 논산시 관촉동 376-1 구","충청남도 논산시 내동 494-24 도","31","78","43","매우좋음"
"2023-09-12","15:30","충남","논산시","득안대로","충청남도 논산시 연무읍 마전리 138 도","충청남도 공주시 계룡면 월곡리 42-6답","31","77","11","매우좋음"
"2023-09-12","10:04","충남","태안군","꽃지해안로","충청남도 태안군 안면읍 승언리 3217구","충청남도 태안군 안면읍 중장리 164-14 도","27","99","7","매우좋음"
"2023-09-12","10:30","충남","태안군","천수만로","충청남도 태안군 남면 당암리 980제","충청남도 태안군 남면 원청리 50도","27","95","3","매우좋음"
"2023-09-12","10:50","충남","태안군","후곡로","충청남도 태안군 태안읍 동문리 911도","충청남도 태안군 태안읍 남문리 728도","27","88","19","매우좋음"
"2023-09-12","10:58","충남","태안군","동평로","충청남도 태안군 태안읍 동문리 828도","충청남도 태안군 태안읍 동문리 109-10 도","27","91","9","매우좋음"
"2023-09-12","11:03","충남","태안군","동백로","충청남도 태안군 태안읍 평천리 922도","충청남도 태안군 태안읍 장산리 806도","27","87","13","매우좋음"
"2023-09-12","11:24","충남","태안군","서해로","충청남도 태안군 태안읍 인평리 1037도","충청남도 태안군 소원면 모항리 1395 도","26","100","2","매우좋음"
"2023-09-12","12:39","충남","서산시","고운로","충청남도 서산시 예천동 483 도","충청남도 서산시 잠홍동 829도","29","74","4","매우좋음"
"2023-09-12","12:41","충남","서산시","호수공원1로","충청남도 서산시 읍내동 16-18도","충청남도 서산시 예천동 67 도","29","74","7","매우좋음"
"2023-09-12","12:43","충남","서산시","호수공원6로","충청남도 서산시 예천동 1307 도","충청남도 서산시 읍내동 815-11도","29","74","5","매우좋음"
"2023-09-12","12:50","충남","서산시","문화로","충청남도 서산시 읍내동 609-19임","충청남도 서산시 읍내동 860-2도","28","79","7","매우좋음"
"2023-09-12","12:54","충남","서산시","안견로","충청남도 서산시 읍내동 506-3도","충청남도 서산시 갈산동 산3-28도","29","76","5","매우좋음"
"2023-09-12","13:18","충남","서산시","서해로","충청남도 서산시 팔봉면 진장리 1092 유","충청남도 서산시 운산면 안호리 283-10 도","29","72","5","매우좋음"
"2023-09-12","13:52","충남","당진시","무수동로","충청남도 당진시 읍내동 735-11 도","충청남도 당진시 대덕동 821-1답","29","73","9","매우좋음"
"2023-09-12","13:57","충남","당진시","서부로","충청남도 당진시 채운동 993도","충청남도 당진시 채운동 994-12 도","29","74","5","매우좋음"
"2023-09-12","14:01","충남","당진시","서해로","충청남도 당진시 정미면 수당리","충청남도 당진시 신평면 운정리 901도","29","74","6","매우좋음"
"2023-09-12","14:07","충남","당진시","동부로","충청남도 당진시 원당동 440-16 답","충청남도 당진시 수청동 754-1 도","29","67","5","매우좋음"
"2023-09-12","14:14","충남","당진시","남부로","충청남도 당진시 합덕읍 합덕리 147-14도","충청남도 당진시 행정동 산33-6도","31","64","4","매우좋음"
"2023-09-12","14:21","충남","당진시","시청1로","충청남도 당진시 읍내동 1435 도","충청남도 당진시 수청동 1133 도","29","73","9","매우좋음"
"2023-09-12","15:03","충남","예산군","아리랑로","충청남도 예산군 예산읍 주교리 221-4도","충청남도 예산군 예산읍 향천리 324도","31","65","25","매우좋음"
"2023-09-12","15:13","충남","예산군","군청로","충청남도 예산군 예산읍 예산리 810 도","충청남도 예산군 예산읍 산성리 115-3 도","30","70","8","매우좋음"
"2023-09-12","15:16","충남","예산군","금오대로","충청남도 예산군 예산읍 향천리 291-9도","충청남도 예산군 예산읍 산성리 262-3도","30","65","7","매우좋음"
"2023-09-12","15:25","충남","예산군","벚꽃로","충청남도 예산군 예산읍 간양리 265-3전","충청남도 예산군 예산읍 주교리 523-6 구","30","65","8","매우좋음"
"2023-09-12","16:12","충남","아산시","중앙로","충청남도 아산시 온천동 146-10 도","충청남도 아산시 용화동 580도","30","69","10","매우좋음"
"2023-09-12","09:23","경북","경주시","양정로","경상북도 경주시 인왕동 785-2도","경상북도 경주시 용강동 1231도","26","100","59","좋음"
"2023-09-12","09:29","경북","경주시","유림로","경상북도 경주시 용강동 946-1도","경상북도 경주시 황성동 873-6답","27","100","22","매우좋음"
"2023-09-12","09:35","경북","경주시","용담로","경상북도 경주시 현곡면 남사리 산38-1도","경상북도 경주시 황성동 365-4도","27","100","4","매우좋음"
"2023-09-12","09:38","경북","경주시","원화로","경상북도 경주시 용강동 1231도","경상북도 경주시 배반동 1138-1도","27","100","8","매우좋음"
"2023-09-12","09:42","경북","경주시","화랑로","경상북도 경주시 황오동 390-1 도","경상북도 경주시 성건동 620-67도","27","99","11","매우좋음"
"2023-09-12","09:52","경북","경주시","금성로","경상북도 경주시 성건동 620-312도","경상북도 경주시 탑동 368-4도","28","97","12","매우좋음"
"2023-09-12","10:38","경북","포항시 남구","상공로","경상북도 포항시 남구 대도동 422-2 도","경상북도 포항시 남구 해도동 517도","29","88","10","매우좋음"
"2023-09-12","11:15","경북","포항시 남구","희망대로","경상북도 포항시 남구 송도동 253-55잡","경상북도 포항시 남구 이동 산59-1 임","30","79","25","매우좋음"
"2023-09-12","11:39","경북","포항시 남구","대이로","경상북도 포항시 남구 이동 663 도","경상북도 포항시 남구 대잠동 985-9 도","30","79","10","매우좋음"
"2023-09-12","11:54","경북","포항시 남구","중흥로","경상북도 포항시 남구 상도동 525 도","경상북도 포항시 남구 상도동 663도","30","80","6","매우좋음"
"2023-09-12","11:57","경북","포항시 북구","중흥로","경상북도 포항시 북구 죽도동 717도","경상북도 포항시 북구 죽도동 59도","30","77","6","매우좋음"
"2023-09-12","12:26","경북","포항시 북구","삼호로","경상북도 포항시 북구 덕산동 129-1도","경상북도 포항시 북구 환호동 517 도","30","84","4","매우좋음"
"2023-09-12","13:22","경북","포항시 북구","삼흥로","경상북도 포항시 북구 두호동 1003도","경상북도 포항시 북구 흥해읍 약성리 318-3도","30","85","6","매우좋음"
"2023-09-12","13:33","경북","포항시 북구","신덕로","경상북도 포항시 북구 양덕동 437 도","경상북도 포항시 북구 양덕동 2223도","30","84","5","매우좋음"
"2023-09-12","13:40","경북","포항시 북구","장량로","경상북도 포항시 북구 양덕동 2223도","경상북도 포항시 북구 장성동 1595-1 도","30","80","49","매우좋음"
"2023-09-12","13:59","경북","포항시 북구","천마로","경상북도 포항시 북구 양덕동 산74-7 임","경상북도 포항시 북구 환호동 517 도","30","82","12","매우좋음"
"2023-09-12","14:05","경북","포항시 북구","새천년대로","경상북도 포항시 북구 여남동 404천","경상북도 포항시 북구 죽도동 698도","31","80","43","매우좋음"
"2023-09-12","14:27","경북","포항시 북구","중앙로","경상북도 포항시 북구 우현동 69-2도","경상북도 포항시 북구 죽도동 204-1도","30","81","6","매우좋음"
"2023-09-12","14:38","경북","포항시 남구","중앙로","경상북도 포항시 남구 해도동 481도","경상북도 포항시 남구 해도동 236도","30","82","6","매우좋음"
"2023-09-12","14:47","경북","포항시 남구","문예로","경상북도 포항시 남구 해도동 236도","경상북도 포항시 남구 대도동 328-19대","30","84","14","매우좋음"
"2023-09-12","15:38","경북","영천시","호국로","경상북도 영천시 고경면 청정리 168-3 도","경상북도 영천시 문외동 43-2 도","31","69","15","매우좋음"
"2023-09-12","15:45","경북","영천시","완산로","경상북도 영천시 문외동 43-2 도","경상북도 영천시 완산동 933-3도","31","70","19","매우좋음"
"2023-09-12","15:50","경북","영천시","시장로","경상북도 영천시 금노동 527-3제","경상북도 영천시 완산동 499-26답","30","73","80","좋음"
"2023-09-12","15:54","경북","영천시","영화로","경상북도 영천시 금노동 684-1도","경상북도 영천시 조교동 695-4 도","30","74","4","매우좋음"
"2023-09-12","15:58","경북","영천시","망정로","경상북도 영천시 조교동 895-1구","경상북도 영천시 망정동 산14-8 임","30","73","7","매우좋음"
"2023-09-12","08:48","부산","중구","보수대로","부산광역시 중구 남포동6가 117-1 도","부산광역시 중구 보수동1가 154 천","28","76","38","매우좋음"
"2023-09-12","08:53","부산","서구","보수대로","부산광역시 서구 동대신동1가 400천","부산광역시 서구 서대신동3가 산85묘","28","76","27","매우좋음"
"2023-09-12","09:44","부산","사하구","낙동대로","부산광역시 사하구 하단동 844-5 도","부산광역시 사하구 괴정동 162도","28","72","24","매우좋음"
"2023-09-12","10:14","부산","사상구","강변대로","부산광역시 사상구 엄궁동 651-5도","부산광역시 북구 구포동 1157-1천","29","68","18","매우좋음"
"2023-09-12","10:47","부산","사상구","사상로","부산광역시 사상구 모라동 729 도","부산광역시 사상구 주례동 694도","30","62","12","매우좋음"
"2023-09-12","11:07","부산","사상구","가야대로","부산광역시 사상구 감전동 174 도","부산광역시 사상구 주례동 51-3 도","30","62","11","매우좋음"
"2023-09-12","11:36","부산","중구","중앙대로","부산광역시 중구 대창동2가 38-1 도","부산광역시 중구 동광동1가 29-2 도","30","69","10","매우좋음"
"2023-09-12","11:45","부산","영도구","태종로","부산광역시 영도구 대교동1가 190-1도","부산광역시 영도구 동삼동 산14-1임","29","72","14","매우좋음"
"2023-09-12","12:15","부산","영도구","해양로","부산광역시 영도구 동삼동 693-2도","부산광역시 영도구 청학동 337 도","29","76","51","좋음"
"2023-09-12","12:33","부산","남구","북항로","부산광역시 남구 감만동 254-16도","부산광역시 남구 용당동 168-25도","28","75","12","매우좋음"
"2023-09-12","12:52","부산","남구","분포로","부산광역시 남구 용호동 907-1구","부산광역시 남구 대연동 1843도","28","77","14","매우좋음"
"2023-09-12","13:04","부산","남구","신선로","부산광역시 남구 대연동 1843도","부산광역시 남구 감만동 621-3 대","30","68","29","매우좋음"
"2023-09-12","13:21","부산","남구","우암로","부산광역시 남구 감만동 254-58도","부산광역시 남구 문현동 721도","30","65","22","매우좋음"
"2023-09-12","13:31","부산","동구","충장대로","부산광역시 동구 범일동 1652 천","부산광역시 동구 초량동 1185-19 대","30","68","20","매우좋음"
"2023-09-12","13:44","부산","동구","중앙대로","부산광역시 동구 초량동 1202 도","부산광역시 동구 범일동 62-3 도","30","67","12","매우좋음"
"2023-09-12","13:59","부산","동구","범일로","부산광역시 동구 범일동 949 도","부산광역시 동구 범일동 1642 도","30","64","7","매우좋음"
"2023-09-12","14:41","부산","부산진구","전포대로","부산광역시 부산진구 전포동 888 도","부산광역시 부산진구 전포동 864-1 도","30","66","13","매우좋음"
"2023-09-12","15:53","부산","부산진구","중앙대로","부산광역시 동구 범일동 62-3 도","부산광역시 부산진구 양정동 230-6 도","30","62","13","매우좋음"
"2023-09-12","16:09","부산","연제구","연수로","부산광역시 연제구 연산동 1612 도","부산광역시 연제구 연산동 1805-3도","30","64","20","매우좋음"
"2023-09-12","16:48","부산","수영구","수영로","부산광역시 수영구 남천동 78 도","부산광역시 수영구 수영동 547천","29","74","20","매우좋음"
"2023-09-12","17:03","부산","수영구","좌수영로","부산광역시 수영구 수영동 534-1 도","부산광역시 수영구 망미동 11-1도","28","76","21","매우좋음"
"2023-09-12","17:14","부산","연제구","과정로","부산광역시 연제구 연산동 502도","부산광역시 연제구 연산동 1519도","29","72","21","매우좋음"
"2023-09-13","09:04","경남","창원시 성산구","공단로","경상남도 창원시 성산구 신촌동 43도","경상남도 창원시 성산구 천선동 1296-77 도","28","76","7","매우좋음"
"2023-09-13","09:26","경남","창원시 성산구","창원대로","경상남도 창원시 성산구 불모산동 산125임","경상남도 창원시 성산구 내동 319-17도","28","78","5","매우좋음"
"2023-09-13","09:33","경남","창원시 의창구","창원대로","경상남도 창원시 의창구 삼동동 629-13 구","경상남도 창원시 의창구 소계동 2-2도","28","76","6","매우좋음"
"2023-09-13","09:54","경남","창원시 의창구","원이대로","경상남도 창원시 의창구 도계동 425도","경상남도 창원시 성산구 사파동 503도","28","76","16","매우좋음"
"2023-09-13","10:00","경남","창원시 성산구","원이대로","경상남도 창원시 성산구 사파동 503도","경상남도 창원시 성산구 가음정동 405도","29","74","7","매우좋음"
"2023-09-13","10:19","경남","창원시 성산구","창이대로","경상남도 창원시 성산구 남산동 601-8도","경상남도 창원시 성산구 사파동 501-1도","28","75","5","매우좋음"
"2023-09-13","10:27","경남","창원시 의창구","창이대로","경상남도 창원시 의창구 신월동 501-1도","경상남도 창원시 의창구 사화동 36-5 도","29","74","6","매우좋음"
"2023-09-13","10:48","경남","창원시 성산구","중앙대로","경상남도 창원시 성산구 외동 789도","경상남도 창원시 성산구 중앙동 501-44도","29","71","4","매우좋음"
"2023-09-13","10:52","경남","창원시 의창구","중앙대로","경상남도 창원시 의창구 용호동 500-6도","경상남도 창원시 의창구 사림동 501-2도","29","73","3","매우좋음"
"2023-09-13","11:21","경남","창원시 진해구","충장로","경상남도 창원시 진해구 장천동 119-14 도","경상남도 창원시 진해구 도천동 13도","30","72","8","매우좋음"
"2023-09-13","11:45","경남","창원시 진해구","진해대로","경상남도 창원시 진해구 현동 산1-1임","부산광역시 강서구 송정동 1196-12염","29","72","5","매우좋음"
"2023-09-13","12:31","부산","강서구","녹산산업중로","부산광역시 강서구 송정동 1490-1 도","부산광역시 강서구 송정동 1687도","30","74","5","매우좋음"
"2023-09-13","12:44","부산","강서구","녹산산업북로","부산광역시 강서구 송정동 1655도","부산광역시 강서구 송정동 1490 도","30","72","7","매우좋음"
"2023-09-13","13:03","부산","강서구","신항로","부산광역시 강서구 성북동 1512 도","부산광역시 강서구 성북동 1497 도","30","74","16","매우좋음"
"2023-09-13","13:06","경남","창원시 진해구","신항로","경상남도 창원시 진해구 용원동 1325 도","경상남도 창원시 진해구 수도동 290 제","30","70","10","매우좋음"
"2023-09-13","13:17","경남","창원시 진해구","신항북로","경상남도 창원시 진해구 남문동 1189-2 잡","경상남도 창원시 진해구 용원동 1327 도","30","71","16","매우좋음"
"2023-09-13","13:30","부산","강서구","녹산산업대로","부산광역시 강서구 송정동 1490-1 도","부산광역시 강서구 송정동 1655도","30","73","4","매우좋음"
"2023-09-13","14:28","경남","김해시","장유로","경상남도 김해시 화목동 1544-6천","경상남도 김해시 부곡동 113-2 도","30","69","11","매우좋음"
"2023-09-13","14:44","경남","김해시","금관대로","경상남도 김해시 대청동 산94-15임","경상남도 김해시 내동 1191 도","31","67","4","매우좋음"
"2023-09-13","14:55","경남","김해시","내외중앙로","경상남도 김해시 내동 1131-3체","경상남도 김해시 외동 162-8구","30","69","5","매우좋음"
"2023-09-13","15:07","경남","김해시","내외로","경상남도 김해시 내동 1149도","경상남도 김해시 내동 331 도","30","70","9","매우좋음"
"2023-09-13","15:17","경남","김해시","분성로","경상남도 김해시 외동 산34-1 구","경상남도 김해시 지내동 271-2 도","30","69","7","매우좋음"
"2023-09-13","15:46","경남","김해시","인제로","경상남도 김해시 삼정동 565-22구","경상남도 김해시 생림면 나전리 산264-1도","30","69","5","매우좋음"
"2023-09-13","15:52","경남","김해시","삼안로","경상남도 김해시 삼방동 595도","경상남도 김해시 안동 735구","30","70","5","매우좋음"
"2023-09-13","16:01","경남","김해시","김해대로","경상남도 김해시 불암동 451-1천","경상남도 김해시 진영읍 좌곤리 276-1도","30","71","8","매우좋음"
"2023-09-13","16:28","경남","김해시","가야로","경상남도 김해시 삼계동 1519-1도","경상남도 김해시 동상동 684도","29","72","4","매우좋음"
"2023-09-13","17:09","경남","김해시","김해대로","경상남도 김해시 불암동 451-1천","경상남도 김해시 진영읍 좌곤리 276-1도","30","74","5","매우좋음"
"2023-09-13","09:14","경북","영천시","강변로","경상북도 영천시 성내동 398 도","경상북도 영천시 완산동 1323 천","25","100","50","매우좋음"
"2023-09-13","09:21","경북","영천시","최무선로","경상북도 영천시 문외동 54-2 도","경상북도 영천시 금호읍 원제리 산58-5도","25","100","126","보통"
"2023-09-13","10:11","경북","경산시","중앙로","경상북도 경산시 중방동 871 도","경상북도 경산시 사정동 84-1철","27","100","15","매우좋음"
"2023-09-13","10:13","경북","경산시","경산로","경상북도 경산시 옥곡동 842도","경상북도 경산시 중산동 144-2도","27","100","10","매우좋음"
"2023-09-13","10:17","경북","경산시","대학로","경상북도 경산시 하양읍 금락리 442 대","경상북도 경산시 중산동 607도","27","100","10","매우좋음"
"2023-09-13","10:21","경북","경산시","경안로","경상북도 경산시 대정동 48-3도","경상북도 경산시 백천동 617도","27","100","19","매우좋음"
"2023-09-13","10:53","대구","동구","이노밸리로","대구광역시 동구 신서동 1191 도","대구광역시 동구 상매동 509 도","28","98","8","매우좋음"
"2023-09-13","11:29","대구","북구","검단공단로","대구광역시 북구 검단동 498-49 도","대구광역시 북구 검단동 936-49 도","29","96","501","매우나쁨"
"2023-09-13","11:43","대구","동구","동북로","대구광역시 동구 신암동 1760도","대구광역시 동구 효목동 647도","28","95","7","매우좋음"
"2023-09-13","12:03","대구","북구","칠성남로","대구광역시 북구 칠성동1가 276-1천","대구광역시 북구 고성동2가","28","91","12","매우좋음"
"2023-09-13","12:09","대구","중구","달성로","대구광역시 중구 태평로3가 247-10도","대구광역시 중구 동산동 635도","29","91","6","매우좋음"
"2023-09-13","12:17","대구","중구","태평로","대구광역시 중구 달성동 161도","대구광역시 중구 동인동3가 405-1천","28","91","11","매우좋음"
"2023-09-13","12:27","대구","중구","동덕로","대구광역시 중구 동인동1가 405-1 도","대구광역시 중구 대봉동 122-2 도","28","92","12","매우좋음"
"2023-09-13","12:41","대구","남구","봉덕로","대구광역시 남구 봉덕동 1306 도","대구광역시 남구 봉덕동 841-1 도","29","93","13","매우좋음"
"2023-09-13","12:52","대구","남구","대덕로","대구광역시 남구 봉덕동 884-1 도","대구광역시 남구 대명동 1291 도","29","92","4","매우좋음"
"2023-09-13","12:59","대구","수성구","희망로","대구광역시 남구 이천동 655-144 천","대구광역시 수성구 황금동 908도","29","94","14","매우좋음"
"2023-09-13","13:14","대구","수성구","수성로","대구광역시 수성구 수성동4가 1291-1천","대구광역시 수성구 파동 616-4대","29","92","6","매우좋음"
"2023-09-13","14:59","대구","달성군","국가산단대로","대구광역시 달성군 구지면 유산리 356-4 도","대구광역시 달성군 구지면 창리 1434 대","29","93","37","매우좋음"
"2023-09-13","15:19","대구","달성군","테크노남로","대구광역시 달성군 유가면 금리 1134-3 공","대구광역시 달성군 유가면 봉리 658 도","28","98","20","매우좋음"
"2023-09-13","15:27","대구","달성군","테크노공원로","대구광역시 달성군 현풍면 중리 544 도","대구광역시 달성군 유가면 봉리 656 도","28","98","34","매우좋음"
"2023-09-13","15:34","대구","달성군","테크노대로","대구광역시 달성군 유가면 용리 888-3 대","대구광역시 달성군 현풍면 중리 544 도","28","98","15","매우좋음"
"2023-09-13","16:20","대구","달서구","조암로","대구광역시 달서구 월암동 858-8 도","대구광역시 달서구 월성동 78도","29","96","7","매우좋음"
"2023-09-13","16:40","대구","달서구","성서동로","대구광역시 달서구 월암동 913도","대구광역시 달서구 용산동 500도","28","91","10","매우좋음"
"2023-09-13","16:57","대구","서구","평리로","대구광역시 서구 중리동 1189-26 도","대구광역시 서구 비산동 2094-32도","28","92","7","매우좋음"
"2023-09-13","17:17","대구","서구","문화로","대구광역시 서구 비산동 498-1도","대구광역시 서구 이현동 42-232도","28","99","12","매우좋음"
"2023-09-13","09:11","부산","연제구","중앙대로","부산광역시 연제구 거제동 196-1천","부산광역시 연제구 연산동 1426-3도","28","75","30","매우좋음"
"2023-09-13","09:29","부산","연제구","월드컵대로","부산광역시 연제구 연산동 1940-11 도","부산광역시 연제구 거제동 산113-3임","28","74","43","매우좋음"
"2023-09-13","09:59","부산","부산진구","동평로","부산광역시 부산진구 양정동 408 도","부산광역시 부산진구 개금동 60-1 도","29","73","53","좋음"
"2023-09-13","10:32","부산","북구","학사로","부산광역시 북구 화명동 941-1 도","부산광역시 북구 금곡동 1241 도","29","72","40","매우좋음"
"2023-09-13","10:44","부산","북구","화명신도시로","부산광역시 북구 금곡동 1881 도","부산광역시 북구 화명동 2257 도","29","72","25","매우좋음"
"2023-09-13","11:00","부산","북구","금곡대로","부산광역시 북구 덕천동 471도","부산광역시 북구 금곡동 466-6 도","30","70","24","매우좋음"
"2023-09-13","11:51","부산","금정구","중앙대로","부산광역시 금정구 두구동 1520-57 도","부산광역시 금정구 장전동 647-1천","29","73","18","매우좋음"
"2023-09-13","12:15","부산","동래구","중앙대로","부산광역시 동래구 온천동 1750-1 천","부산광역시 동래구 사직동 76-3도","29","73","13","매우좋음"
"2023-09-13","12:22","부산","동래구","우장춘로","부산광역시 동래구 온천동 1358도","부산광역시 동래구 온천동 산230구","29","71","30","매우좋음"
"2023-09-13","12:43","부산","동래구","충렬대로","부산광역시 동래구 온천동 1192-1도","부산광역시 동래구 안락동 1063-1천","30","69","12","매우좋음"
"2023-09-13","12:56","부산","해운대구","해운대로","부산광역시 해운대구 반여동 1502-16천","부산광역시 해운대구 송정동 447 도","29","73","18","매우좋음"
"2023-09-13","14:11","부산","기장군","반송로","부산광역시 기장군 기장읍 동부리 13-4도","부산광역시 기장군 철마면 고촌리 542-8 구","28","77","19","매우좋음"
"2023-09-13","14:27","부산","해운대구","반송로","부산광역시 해운대구 반송동 14-6 도","부산광역시 해운대구 석대동 591-6천","29","75","55","좋음"
"2023-09-13","14:44","부산","동래구","반송로","부산광역시 동래구 명장동 491-61 도","부산광역시 동래구 수안동 709-1천","29","72","16","매우좋음"
"2023-09-13","15:31","부산","기장군","산단로","부산광역시 기장군 정관읍 예림리 1088 도","부산광역시 기장군 정관읍 모전리 784 도","28","77","62","좋음"
"2023-09-13","16:21","울산","남구","문수로","울산광역시 남구 무거동 595도","울산광역시 남구 신정동 1234도","28","82","20","매우좋음"
"2023-09-13","16:29","울산","남구","삼산로","울산광역시 남구 신정동 1234도","울산광역시 남구 삼산동 308-53도","28","77","26","매우좋음"
"2023-09-13","16:52","울산","남구","화합로","울산광역시 남구 여천동 996-4 도","울산광역시 남구 삼산동 1441-25구","28","80","25","매우좋음"
"2023-09-13","17:02","울산","남구","돋질로","울산광역시 남구 삼산동 245도","울산광역시 남구 신정동 1234도","27","81","28","매우좋음"
"2023-09-14","12:14","충남","계룡시","계룡대로","충청남도 계룡시 두마면 왕대리 174-4도","충청남도 계룡시 신도안면 남선리 산1-14 도","25","100","12","매우좋음"
"2023-09-14","13:16","충북","청주시 흥덕구","오송생명로","충청북도 청주시 흥덕구 오송읍 연제리 875 도","충청북도 청주시 흥덕구 오송읍 궁평리 242-14 도","25","100","19","매우좋음"
"2023-09-14","13:24","충북","청주시 흥덕구","오송생명2로","충청북도 청주시 흥덕구 오송읍 만수리 883 도","충청북도 청주시 흥덕구 오송읍 연제리 878 도","26","100","3","매우좋음"
"2023-09-14","13:32","충북","청주시 흥덕구","오송생명1로","충청북도 청주시 흥덕구 오송읍 연제리 875 도","충청북도 청주시 흥덕구 오송읍 연제리 862 도","26","100","12","매우좋음"
"2023-09-14","13:36","충북","청주시 흥덕구","오송생명4로","충청북도 청주시 흥덕구 오송읍 연제리 843 도","충청북도 청주시 흥덕구 옥산면 오산리 606-77 도","26","100","9","매우좋음"
"2023-09-14","13:38","충북","청주시 흥덕구","오송생명5로","충청북도 청주시 흥덕구 오송읍 만수리 875 도","충청북도 청주시 흥덕구 오송읍 만수리 887-1 도","26","100","2","매우좋음"
"2023-09-14","14:04","충북","청주시 흥덕구","2순환로","충청북도 청주시 서원구 미평동 317-5도","충청북도 청주시 흥덕구 송절동 1천","27","100","9","매우좋음"
"2023-09-14","14:11","충북","청주시 흥덕구","대농로","충청북도 청주시 흥덕구 비하동 330-3 도","충청북도 청주시 흥덕구 복대동 271-13 도","27","100","14","매우좋음"
"2023-09-14","14:15","충북","청주시 흥덕구","대신로","충청북도 청주시 흥덕구 외북동 산61-1 임","충청북도 청주시 흥덕구 복대동 3197도","26","100","17","매우좋음"
"2023-09-14","14:19","충북","청주시 흥덕구","가경로","충청북도 청주시 흥덕구 가경동 513-2도","충청북도 청주시 흥덕구 가경동 1557도","26","100","28","매우좋음"
"2023-09-14","14:22","충북","청주시 흥덕구","풍산로","충청북도 청주시 흥덕구 복대동 1916도","충청북도 청주시 흥덕구 가경동 1448도","27","100","20","매우좋음"
"2023-09-14","14:35","충북","청주시 서원구","구룡산로","충청북도 청주시 서원구 성화동 1059 도","충청북도 청주시 서원구 수곡동 101도","27","100","34","매우좋음"
"2023-09-14","14:47","충북","청주시 상당구","1순환로","충청북도 청주시 상당구 방서동 600-1 천","충청북도 청주시 상당구 명암동 산74-9도","27","100","8","매우좋음"
"2023-09-14","14:57","충북","청주시 상당구","중고개로","충청북도 청주시 상당구 탑동 5-36도","충청북도 청주시 상당구 운동동 73-3 도","27","100","6","매우좋음"
"2023-09-14","15:08","충북","청주시 상당구","단재로","충청북도 청주시 상당구 미원면 구방리 408도","충청북도 청주시 상당구 석교동 126-20도","27","100","8","매우좋음"
"2023-09-14","15:42","충북","청주시 청원구","중심상업로","충청북도 청주시 청원구 오창읍 각리 661도","충청북도 청주시 청원구 오창읍 양청리 838도","26","100","18","매우좋음"
"2023-09-14","15:44","충북","청주시 청원구","과학산업2로","충청북도 청주시 청원구 오창읍 송대리 325 도","충청북도 청주시 청원구 오창읍 구룡리 444도","26","100","17","매우좋음"
"2023-09-14","15:57","충북","청주시 청원구","오창대로","충청북도 청주시 청원구 오창읍 성산리 309-3도","충청북도 청주시 청원구 내수읍 입상리 82-2잡","26","100","5","매우좋음"
"2023-09-14","16:26","충북","진천군","문화로","충청북도 진천군 진천읍 신정리 506 답","충청북도 진천군 진천읍 신정리 504-2 도","25","100","14","매우좋음"
"2023-09-14","16:34","충북","진천군","원덕로","충청북도 진천군 진천읍 원덕리 251-7 도","충청북도 진천군 진천읍 성석리 742-2 도","25","100","16","매우좋음"
"2023-09-14","09:14","충남","아산시","문화로","충청남도 아산시 방축동 678도","충청남도 아산시 모종동 467-3 도","22","100","9","매우좋음"
"2023-09-14","09:22","충남","아산시","어의정로","충청남도 아산시 풍기동 206-19 도","충청남도 아산시 용화동 582도","22","100","6","매우좋음"
"2023-09-14","09:46","충남","아산시","연화로","충청남도 아산시 배방읍 장재리 2027 도","충청남도 아산시 배방읍 장재리 2108 도","23","100","15","매우좋음"
"2023-09-14","09:50","충남","아산시","광장로","충청남도 아산시 배방읍 장재리 2012 도","충청남도 아산시 배방읍 장재리 1967 도","22","100","4","매우좋음"
"2023-09-14","09:55","충남","아산시","공원로","충청남도 아산시 배방읍 장재리 2004 도","충청남도 아산시 배방읍 장재리 482-6 답","22","100","17","매우좋음"
"2023-09-14","10:00","충남","아산시","새아산로","충청남도 아산시 배방읍 장재리 500-16 전","충청남도 아산시 배방읍 장재리 2046 도","23","100","5","매우좋음"
"2023-09-14","10:03","충남","아산시","용연로","충청남도 아산시 배방읍 세교리 422-33 도","충청남도 아산시 배방읍 장재리 2046 도","22","100","12","매우좋음"
"2023-09-14","10:22","충남","천안시 서북구","봉정로","충청남도 천안시서북구 두정동 1802도","충청남도 천안시서북구 성정동 211-4도","22","100","7","매우좋음"
"2023-09-14","10:33","충남","천안시 동남구","쌍용대로","충청남도 천안시동남구 봉명동 500도","충청남도 천안시동남구 봉명동 508도","23","100","3","매우좋음"
"2023-09-14","10:35","충남","천안시 서북구","쌍용대로","충청남도 천안시서북구 두정동 1802도","충청남도 천안시서북구 쌍용동 1257도","23","100","12","매우좋음"
"2023-09-14","10:39","충남","천안시 서북구","불당대로","충청남도 천안시서북구 쌍용동 516도","충청남도 천안시서북구 불당동 1447 도","23","100","5","매우좋음"
"2023-09-14","10:44","충남","천안시 서북구","번영로","충청남도 천안시서북구 불당동 1446 도","충청남도 천안시서북구 신당동 477-6전","23","100","4","매우좋음"
"2023-09-14","10:53","충남","천안시 서북구","동서대로","충청남도 천안시서북구 백석동 770 도","충청남도 천안시동남구 신부동 417 구","23","100","7","매우좋음"
"2023-09-14","11:00","충남","천안시 동남구","천안대로","충청남도 천안시서북구 두정동","충청남도 천안시동남구 목천읍 삼성리 42-2도","23","100","10","매우좋음"
"2023-09-14","11:03","충남","천안시 동남구","충절로","충청남도 천안시동남구 신부동 524도","충청남도 천안시동남구 동면 덕성리","24","100","8","매우좋음"
"2023-09-14","11:15","충남","천안시 동남구","충무로","충청남도 천안시동남구 구성동 490도","충청남도 천안시동남구 신방동 809-4답","24","100","8","매우좋음"
"2023-09-14","11:20","충남","천안시 서북구","충무로","충청남도 천안시동남구 다가동 494도","충청남도 천안시서북구 쌍용동 440-30 도","24","100","9","매우좋음"
"2023-09-14","11:25","충남","천안시 서북구","월봉로","충청남도 천안시서북구 쌍용동 446-7답","충청남도 천안시서북구 쌍용동 2034 도","24","100","11","매우좋음"
"2023-09-14","11:37","충남","천안시 서북구","서부대로","충청남도 천안시서북구 성정동 1101도","충청남도 천안시서북구 쌍용동 315-9임","24","100","7","매우좋음"
"2023-09-14","11:39","충남","천안시 동남구","서부대로","충청남도 천안시동남구 봉명동 102-9임","충청남도 천안시동남구 신방동 8-9 도","24","100","8","매우좋음"
"2023-09-14","11:51","충남","천안시 서북구","백석로","충청남도 천안시서북구 백석동 690-29도","충청남도 천안시서북구 성정동 90-14 도","25","100","10","매우좋음"
"2023-09-14","12:04","충남","천안시 동남구","만남로","충청남도 천안시동남구 신부동 363-3도","충청남도 천안시동남구 신부동 153-2도","25","100","7","매우좋음"
"2023-09-18","09:32","서울","노원구","동일로","서울특별시 노원구 상계동 1200-3도","서울특별시 노원구 공릉동 678-7도","27","98","4","매우좋음"
"2023-09-18","10:02","서울","노원구","섬밭로","서울특별시 노원구 공릉동 704-5도","서울특별시 노원구 중계동 500-1도","27","97","5","매우좋음"
"2023-09-18","10:21","서울","노원구","초안산로","서울특별시 노원구 월계동 620-3도","서울특별시 노원구 월계동 산63-7수","27","96","2","매우좋음"
"2023-09-18","10:39","서울","노원구","월계로","서울특별시 노원구 월계동 875-6천","서울특별시 노원구 하계동 312-11천","27","97","13","매우좋음"
"2023-09-18","10:43","서울","노원구","한글비석로","서울특별시 노원구 하계동 354-9도","서울특별시 노원구 상계동 699도","28","95","9","매우좋음"
"2023-09-18","11:14","서울","노원구","노원로","서울특별시 노원구 상계동","서울특별시 노원구 공릉동 70-2도","29","87","8","매우좋음"
"2023-09-18","12:14","서울","노원구","공릉로","서울특별시 노원구 공릉동 656-2도","서울특별시 노원구 중계동 514-6도","29","81","9","매우좋음"
"2023-09-18","12:25","서울","노원구","덕릉로","서울특별시 노원구 상계동 770-1천","서울특별시 노원구 상계동 산156-6도","29","80","9","매우좋음"
"2023-09-18","12:40","서울","노원구","상계로","서울특별시 노원구 상계동 66답","서울특별시 노원구 상계동 739-4도","29","80","12","매우좋음"
"2023-09-18","12:54","서울","노원구","노해로","서울특별시 노원구 상계동 791-1천","서울특별시 노원구 상계동 719도","29","81","13","매우좋음"
"2023-09-18","13:03","서울","노원구","중계로","서울특별시 노원구 중계동 370도","서울특별시 노원구 하계동 산34-8도","30","80","10","매우좋음"
"2023-09-18","13:20","서울","노원구","마들로","서울특별시 노원구 월계동 671-16천","서울특별시 노원구 월계동 19도","30","82","9","매우좋음"
"2023-09-18","13:28","서울","노원구","화랑로","서울특별시 노원구 월계동 42-9도","서울특별시 노원구 공릉동 26-93 도","30","82","10","매우좋음"
"2023-09-18","16:52","경남","양산시","증산역로","경상남도 양산시 물금읍 가촌리 1279-11 도","경상남도 양산시 물금읍 가촌리 1279-1 도","29","90","3","매우좋음"
"2023-09-18","17:05","경남","양산시","신주로","경상남도 양산시 물금읍 범어리 2763 도","경상남도 양산시 물금읍 범어리 2285 답","29","90","2","매우좋음"
"2023-09-18","17:09","경남","양산시","청운로","경상남도 양산시 남부동 428-6도","경상남도 양산시 물금읍 물금리 898-1 도","29","90","18","매우좋음"
"2023-09-18","17:19","경남","양산시","황산로","경상남도 양산시 동면 가산리 986-1도","경상남도 양산시 교동 232-2 도","29","92","5","매우좋음"
"2023-09-19","09:15","경남","양산시","양주로","경상남도 양산시 중부동 698-9도","경상남도 양산시 남부동 612도","27","100","2","매우좋음"
"2023-09-19","09:26","경남","양산시","양산역로","경상남도 양산시 중부동 698-9도","경상남도 양산시 남부동 615도","27","100","8","매우좋음"
"2023-09-19","09:31","경남","양산시","강변로","경상남도 양산시 동면 금산리 1099-2도","경상남도 양산시 북부동 158-8 도","27","100","2","매우좋음"
"2023-09-19","09:40","경남","양산시","삽량로","경상남도 양산시 남부동 416-27도","경상남도 양산시 물금읍 범어리 2742도","27","99","2","매우좋음"
"2023-09-19","09:47","경남","양산시","범어로","경상남도 양산시 물금읍 범어리 2763 도","경상남도 양산시 물금읍 범어리 2377 답","27","100","3","매우좋음"
"2023-09-19","10:43","울산","남구","중앙로","울산광역시 남구 신정동 517 도","울산광역시 남구 야음동 712-16도","30","77","4","매우좋음"
"2023-09-19","10:59","울산","남구","신정로","울산광역시 남구 달동 773-9도","울산광역시 남구 신정동 330도","30","75","12","매우좋음"
"2023-09-19","11:08","울산","남구","번영로","울산광역시 남구 삼산동 1389-5도","울산광역시 남구 야음동 820-5 도","30","73","4","매우좋음"
"2023-09-19","11:19","울산","남구","처용로","울산광역시 남구 야음동 312-8도","울산광역시 남구 용연동 244-16도","30","79","109","보통"
"2023-09-19","11:42","울산","남구","용연로","울산광역시 남구 황성동 33-1도","울산광역시 남구 성암동 25-1도","29","87","58","좋음"
"2023-09-19","12:07","울산","동구","봉수로","울산광역시 동구 방어동 481-3 도","울산광역시 동구 서부동 178 도","29","85","4","매우좋음"
"2023-09-19","12:46","울산","동구","방어진순환도로","울산광역시 북구 염포동 540-8도","울산광역시 동구 방어동 1260 도","30","83","4","매우좋음"
"2023-09-19","13:26","울산","북구","효암로","울산광역시 북구 명촌동 433-16도","울산광역시 북구 연암동 1320-15도","31","73","33","매우좋음"
"2023-09-19","13:34","울산","북구","상방로","울산광역시 북구 연암동 1019-7도","울산광역시 북구 화봉동 957-14도","32","67","10","매우좋음"
"2023-09-19","14:33","울산","북구","산업로","울산광역시 북구 중산동 산43-5임","울산광역시 북구 명촌동 30 천","30","78","4","매우좋음"
"2023-09-19","14:57","울산","북구","염포로","울산광역시 북구 염포동 583-1도","울산광역시 북구 진장동 759-8도","30","82","4","매우좋음"
"2023-09-19","15:14","울산","중구","번영로","울산광역시 중구 남외동 546-14도","울산광역시 중구 옥교동 279천","30","82","5","매우좋음"
"2023-09-19","15:32","울산","중구","강북로","울산광역시 중구 반구동 401-58제","울산광역시 중구 성남동 321-3도","30","81","8","매우좋음"
"2023-09-19","15:40","울산","중구","명륜로","울산광역시 중구 성남동 337천","울산광역시 중구 교동 227-2도","31","75","6","매우좋음"
"2023-09-19","15:43","울산","중구","북부순환도로","울산광역시 중구 다운동 933-30천","울산광역시 중구 동동 829천","31","77","4","매우좋음"
"2023-09-19","15:56","울산","북구","무룡로","울산광역시 북구 연암동 989-2도","울산광역시 북구 정자동 173-2 도","30","77","5","매우좋음"
"2023-09-19","17:53","대구","북구","구리로","대구광역시 북구 동천동 959-3도","대구광역시 북구 국우동 476-1도","28","87","14","매우좋음"
"2023-09-20","09:41","경북","칠곡군","중앙로","경상북도 칠곡군 왜관읍 왜관리 1552 도","경상북도 칠곡군 약목면 관호리 877-1 도","24","100","19","매우좋음"
"2023-09-20","09:51","경북","칠곡군","관문로","경상북도 칠곡군 왜관읍 왜관리 782-22 도","경상북도 칠곡군 왜관읍 매원리 655-3 도","24","100","10","매우좋음"
"2023-09-20","10:12","경북","칠곡군","금오대로","경상북도 칠곡군 약목면 복성리 429-3 도","경상북도 칠곡군 북삼읍 인평리 1122 도","25","100","18","매우좋음"
"2023-09-21","13:16","충북","음성군","원중로","충청북도 음성군 맹동면 본성리 산65-4 도","충청북도 음성군 원남면 보천리 392-3도","22","72","6","매우좋음"
"2023-09-21","13:26","충북","음성군","태정로","충청북도 음성군 맹동면 두성리 1019도","충청북도 음성군 맹동면 두성리 1528도","22","74","484","매우나쁨"
"2023-09-21","13:29","충북","음성군","교연로","충청북도 음성군 맹동면 두성리 1411도","충청북도 음성군 맹동면 쌍정리 246-2 도","21","73","20","매우좋음"
"2023-09-21","13:33","충북","음성군","연미로","충청북도 음성군 맹동면 두성리 1411도","충청북도 음성군 맹동면 동성리 526도","21","75","29","매우좋음"
"2023-09-21","13:40","충북","음성군","대하로","충청북도 음성군 맹동면 동성리 495도","충청북도 음성군 맹동면 동성리 219 도","22","73","30","매우좋음"
"2023-09-21","13:46","충북","음성군","이수로","충청북도 음성군 맹동면 동성리 219 도","충청북도 음성군 맹동면 두성리 1322 도","22","74","15","매우좋음"
"2023-09-21","14:54","충북","단양군","삼봉로","충청북도 단양군 단양읍 상진리 1018도","충청북도 단양군 매포읍 하괴리 440도","22","66","34","매우좋음"
"2023-09-21","15:18","충북","단양군","단양로","충청북도 단양군 매포읍 김산리 243-7도","충청북도 단양군 대강면 당동리 26-5도","23","63","8","매우좋음"
"2023-09-21","15:21","충북","단양군","평동로","충청북도 단양군 매포읍 평동리 35-1도","충청북도 단양군 매포읍 평동리 1269도","23","62","56","좋음"
"2023-09-21","16:01","충북","제천시","의림대로","충청북도 제천시 송학면 도화리 산10-13임","충청북도 제천시 화산동 260도","22","65","82","좋음"
"2023-09-21","16:15","충북","제천시","용두대로","충청북도 제천시 하소동 342 도","충청북도 제천시 봉양읍 봉양리 724-39 도","22","64","56","좋음"
"2023-09-21","12:08","경기","이천시","서동대로","경기도 이천시 설성면 행죽리 662-5 구","경기도 이천시 장호원읍 장호원리 357 천","22","92","12","매우좋음"
"2023-09-21","12:45","경기","이천시","경충대로","경기도 이천시 장호원읍 진암리 703 도","경기도 이천시 신둔면 수광리 산 63 도","22","89","6","매우좋음"
"2023-09-21","13:00","경기","이천시","이섭대천로","경기도 이천시 증포동 14-2 도","경기도 이천시 호법면 매곡리 558-2 도","22","87","16","매우좋음"
"2023-09-21","13:19","경기","이천시","프리미엄아울렛로","경기도 이천시 호법면 단천리 711 천","경기도 이천시 마장면 표교리 542 답","22","88","4","매우좋음"
"2023-09-21","13:39","경기","이천시","남정로","경기도 이천시 신둔면 수광리 716 도","경기도 이천시 신둔면 남정리 산14-3 도","23","80","3","매우좋음"
"2023-09-21","13:46","경기","이천시","증신로","경기도 이천시 신둔면 도암리 352-12 도","경기도 이천시 안흥동 159 도","23","83","5","매우좋음"
"2023-09-21","14:04","경기","이천시","구만리로","경기도 이천시 부발읍 마암리 446 도","경기도 이천시 증일동 89-9 도","23","86","27","매우좋음"
"2023-09-21","14:24","경기","이천시","애련정로","경기도 이천시 안흥동 172-1 도","경기도 이천시 증포동 157-9 도","23","84","35","매우좋음"
"2023-09-21","10:14","서울","성동구","왕십리로","서울특별시 중구 신당동 433-1도","서울특별시 성동구 성수동1가 511-2 도","23","72","5","매우좋음"
"2023-09-21","10:33","서울","성동구","광나루로","서울특별시 성동구 성수동1가 685-372도","서울특별시 성동구 성수동2가 280-49도","23","67","8","매우좋음"
"2023-09-21","10:54","서울","성동구","동일로","서울특별시 성동구 성수동2가","서울특별시 광진구 군자동 177-12 도","23","62","3","매우좋음"
"2023-09-21","11:03","서울","성동구","천호대로","서울특별시 광진구 중곡동 661 천","서울특별시 동대문구 신설동 85-1도","24","63","4","매우좋음"
"2023-09-21","11:13","서울","성동구","마장로","서울특별시 성동구 용답동 127도","서울특별시 성동구 상왕십리동 186-2도","24","62","5","매우좋음"
"2023-09-21","11:30","서울","성동구","난계로","서울특별시 성동구 하왕십리동 999-275 도","서울특별시 성동구 금호동1가 617-14구","24","63","3","매우좋음"
"2023-09-21","11:39","서울","성동구","행당로","서울특별시 성동구 금호동1가 122-1도","서울특별시 성동구 행당동 318-1 도","23","65","4","매우좋음"
"2023-09-21","11:48","서울","성동구","살곶이길","서울특별시 성동구 행당동 19-72 도","서울특별시 성동구 마장동 474-28도","23","66","4","매우좋음"
"2023-09-21","11:59","서울","성동구","고산자로","서울특별시 성동구 마장동 610-10천","서울특별시 성동구 성수동1가 701-1천","25","60","5","매우좋음"
"2023-09-21","12:05","서울","성동구","독서당로","서울특별시 성동구 행당동 128-511 도","서울특별시 성동구 옥수동 460-23 도","24","62","5","매우좋음"
"2023-09-21","10:03","경기","시흥시","계수로","경기도 시흥시 과림동 79-4도","경기도 시흥시 계수동 747-19도","22","65","23","매우좋음"
"2023-09-21","10:13","경기","시흥시","대은로","경기도 시흥시 은행동 581도","경기도 시흥시 대야동 산1-4도","22","64","11","매우좋음"
"2023-09-21","10:18","경기","시흥시","은행로","경기도 시흥시 은행동 600-3도","경기도 시흥시 은행동 596도","22","64","13","매우좋음"
"2023-09-21","10:29","경기","시흥시","복지로","경기도 시흥시 신천동 809-1 도","경기도 시흥시 대야동 420-30천","22","63","9","매우좋음"
"2023-09-21","10:42","경기","시흥시","수인로","경기도 시흥시 신천동 598-1도","경기도 시흥시 조남동 산62-2도","22","62","32","매우좋음"
"2023-09-21","11:29","경기","시흥시","동서로","경기도 시흥시 목감동 34-2도","경기도 시흥시 월곶동 520-229도","23","59","44","매우좋음"
"2023-09-21","12:00","경기","시흥시","월곶중앙로14번길","경기도 시흥시 월곶동 1026도","경기도 시흥시 월곶동 1022도","23","59","90","좋음"
"2023-09-21","12:09","경기","시흥시","월곶중앙로","경기도 시흥시 월곶동 1030도","경기도 시흥시 월곶동 1054도","23","59","21","매우좋음"
"2023-09-21","12:25","경기","시흥시","황고개로","경기도 시흥시 장곡동 668-1도","경기도 시흥시 거모동 1262-3도","23","58","26","매우좋음"
"2023-09-21","13:20","경기","시흥시","군자로","경기도 시흥시 거모동 1604-1도","경기도 시흥시 월곶동 942-30도","23","57","68","좋음"
"2023-09-21","13:38","경기","시흥시","인선길","경기도 시흥시 장곡동 262-4전","경기도 시흥시 장곡동 496-6도","23","56","8","매우좋음"
"2023-09-21","13:49","경기","시흥시","시흥대로","경기도 시흥시 신천동 809도","경기도 시흥시 군자동 산42-3임","24","57","33","매우좋음"
"2023-09-21","14:27","경기","시흥시","능곡로","경기도 시흥시 화정동 651-3 도","경기도 시흥시 능곡동 769도","23","64","12","매우좋음"
"2023-09-21","14:32","경기","시흥시","승지로","경기도 시흥시 능곡동 784도","경기도 시흥시 능곡동 488도","23","61","18","매우좋음"
"2023-09-21","14:43","경기","시흥시","시청로","경기도 시흥시 광석동 386-1도","경기도 시흥시 장현동 105도","23","59","8","매우좋음"
"2023-09-21","14:52","경기","시흥시","연성로","경기도 시흥시 광석동 54-10 도","경기도 시흥시 하중동 775-11 도","24","57","4","매우좋음"
"2023-09-21","15:02","경기","시흥시","관곡지로","경기도 시흥시 하중동 377-5도","경기도 시흥시 하상동 307-4도","23","61","52","좋음"
"2023-09-21","15:11","경기","시흥시","하중로","경기도 시흥시 광석동 337도","경기도 시흥시 하중동 137-20도","23","59","20","매우좋음"
"2023-09-22","09:54","충북","충주시","국원대로","충청북도 충주시 용탄동 1138도","충청북도 충주시 문화동 572도","20","79","17","매우좋음"
"2023-09-22","10:00","충북","충주시","중원대로","충청북도 충주시 수안보면 화천리 산23임","충청북도 충주시 신니면 광월리 777-1도","20","79","14","매우좋음"
"2023-09-22","10:07","충북","충주시","계명대로","충청북도 충주시 칠금동 188-9도","충청북도 충주시 연수동 1754 도","20","78","17","매우좋음"
"2023-09-22","10:15","충북","충주시","번영대로","충청북도 충주시 연수동 76-7 도","충청북도 충주시 칠금동 145-6 도","20","78","16","매우좋음"
"2023-09-22","10:22","충북","충주시","금봉대로","충청북도 충주시 금릉동 255-31도","충청북도 충주시 호암동 509-3 도","20","78","11","매우좋음"
"2023-09-22","11:11","서울","중랑구","겸재로","서울특별시 중랑구 면목동 1049-110제","서울특별시 중랑구 망우동 534-14도","23","63","5","매우좋음"
"2023-09-22","11:21","서울","중랑구","봉우재로","서울특별시 중랑구 망우동 534-10도","서울특별시 중랑구 면목동 295-2도","23","61","6","매우좋음"
"2023-09-22","11:31","서울","중랑구","망우로","서울특별시 중랑구 상봉동 474-26천","서울특별시 중랑구 망우동 산52-4임","24","59","6","매우좋음"
"2023-09-22","13:09","서울","중랑구","신내역로","서울특별시 중랑구 신내동 256-24 전","서울특별시 중랑구 신내동 71-37도","25","52","5","매우좋음"
"2023-09-22","13:14","서울","중랑구","용마산로","서울특별시 중랑구 신내동 71-37도","서울특별시 중랑구 면목동 1347-1도","26","48","2","매우좋음"
"2023-09-22","13:31","서울","중랑구","동일로","서울특별시 중랑구 면목동 718-1답","서울특별시 중랑구 묵동 329천","26","50","4","매우좋음"
"2023-09-22","13:51","서울","중랑구","중랑천로","서울특별시 중랑구 묵동 189-1도","서울특별시 중랑구 면목동 295-6도","26","47","7","매우좋음"
"2023-09-22","14:13","서울","중랑구","상봉로","서울특별시 중랑구 상봉동 160-2도","서울특별시 중랑구 면목동 49-5도","26","43","1","매우좋음"
"2023-09-22","14:20","서울","중랑구","사가정로","서울특별시 중랑구 면목동 1326-107도","서울특별시 중랑구 면목동 727-24천","27","43","8","매우좋음"
"2023-09-22","14:31","서울","중랑구","면목천로","서울특별시 중랑구 면목동 284-26도","서울특별시 중랑구 면목동 282-4도","27","42","4","매우좋음"
"2023-09-22","14:53","서울","중랑구","봉화산로","서울특별시 중랑구 신내동 379-5 도","서울특별시 중랑구 중화동 50-16도","27","44","1","매우좋음"
"2023-09-22","15:11","서울","중랑구","숙선옹주로","서울특별시 중랑구 묵동 198-7구","서울특별시 중랑구 묵동 30 도","26","47","3","매우좋음"
"2023-09-22","15:16","서울","중랑구","신내로","서울특별시 중랑구 묵동 26-1 천","서울특별시 중랑구 망우동 534-6도","26","47","2","매우좋음"
"2023-09-22","10:23","경기","시흥시","서해안로","경기도 시흥시 계수동 371-3 도","경기도 시흥시 정왕동 2207-26 도","24","64","13","매우좋음"
"2023-09-22","10:40","경기","시흥시","공단2대로","경기도 시흥시 정왕동 1708-1 도","경기도 시흥시 정왕동 2117도","24","65","26","매우좋음"
"2023-09-22","10:50","경기","시흥시","공단3대로","경기도 시흥시 정왕동 2207-24천","경기도 시흥시 정왕동 2207-26 도","23","68","34","매우좋음"
"2023-09-22","11:00","경기","시흥시","오이도로","경기도 시흥시 정왕동 2207-26 도","경기도 시흥시 정왕동 1349-2 도","23","69","46","매우좋음"
"2023-09-22","11:11","경기","시흥시","공단1대로","경기도 시흥시 정왕동 1349도","경기도 시흥시 정왕동 1305천","24","58","10","매우좋음"
"2023-09-22","11:23","경기","시흥시","번영로","경기도 시흥시 정왕동 1299도","경기도 시흥시 정왕동 1633도","24","57","15","매우좋음"
"2023-09-22","11:27","경기","시흥시","정왕대로","경기도 시흥시 정왕동 2155천","경기도 시흥시 정왕동 2139도","25","59","23","매우좋음"
"2023-09-22","11:50","경기","시흥시","옥구공원로","경기도 시흥시 정왕동 2139도","경기도 시흥시 정왕동 1633도","24","61","22","매우좋음"
"2023-09-22","12:06","경기","시흥시","정왕신길로","경기도 시흥시 정왕동 2155천","경기도 시흥시 정왕동 1893도","25","54","22","매우좋음"
"2023-09-22","12:21","경기","시흥시","중심상가로","경기도 시흥시 정왕동 1909도","경기도 시흥시 정왕동 1633도","25","54","23","매우좋음"
"2023-09-22","12:49","경기","시흥시","역전로","경기도 시흥시 정왕동 1633도","경기도 시흥시 정왕동 1890도","26","44","154","나쁨"
"2023-09-22","13:08","경기","시흥시","옥구천동로","경기도 시흥시 정왕동 1890도","경기도 시흥시 정왕동 2207-10도","26","50","14","매우좋음"
"2023-09-22","13:24","경기","시흥시","마유로","경기도 시흥시 정왕동 2207-18도","경기도 시흥시 계수동 산 111-12임","26","49","15","매우좋음"
"2023-09-22","13:40","경기","시흥시","정왕천로","경기도 시흥시 정왕동 1220도","경기도 시흥시 정왕동 2207-22도","27","46","50","매우좋음"
"2023-09-22","14:03","경기","시흥시","경제로","경기도 시흥시 정왕동 1385도","경기도 시흥시 정왕동 1349-2 도","26","49","77","좋음"
"2023-09-22","14:37","경기","시흥시","옥구천동로374번길","경기도 시흥시 정왕동 1898도","경기도 시흥시 정왕동 1916도","26","42","29","매우좋음"
"2023-09-22","","경기","시흥시","협력로","경기도 시흥시 정왕동 2136도","경기도 시흥시 정왕동 1909도","27","47","614","매우나쁨"
"2023-09-25","11:38","경기","포천시","왕방로","경기도 포천시 어룡동 408-1도","경기도 포천시 신북면 가채리 804-5전","24","60","93","좋음"
"2023-09-25","12:06","경기","포천시","호국로","경기도 포천시 영북면 자일리 339-3천","경기도 포천시 소흘읍 이동교리 산117-2 도","25","56","376","매우나쁨"
"2023-09-25","12:11","경기","포천시","용정경제로","경기도 포천시 어룡동 408-1도","경기도 포천시 군내면 구읍리 606-10답","24","56","49","매우좋음"
"2023-09-25","12:22","경기","포천시","포천로","경기도 포천시 창수면 주원리 산217-3임","경기도 포천시 내촌면 내리 482-3도","25","52","27","매우좋음"
"2023-09-25","12:40","경기","포천시","호국로","경기도 포천시 영북면 자일리 339-3천","경기도 포천시 소흘읍 이동교리 산117-2 도","26","52","9","매우좋음"
"2023-09-25","12:46","경기","포천시","솔모루로","경기도 포천시 소흘읍 송우리 72 도","경기도 포천시 소흘읍 송우리 485-11 도","25","53","67","좋음"
"2023-09-25","12:50","경기","포천시","태봉로","경기도 포천시 소흘읍 이동교리 38-7 도","경기도 포천시 소흘읍 송우리 731 도","25","55","61","좋음"
"2023-09-25","13:01","경기","포천시","송우로","경기도 포천시 동교동 542-2도","경기도 포천시 소흘읍 송우리 119-1 도","25","54","25","매우좋음"
"2023-09-25","13:18","경기","포천시","부흥로","경기도 포천시 소흘읍 이동교리 산52-3임","경기도 포천시 내촌면 진목리 산39-6도","25","53","4","매우좋음"
"2023-09-25","13:29","경기","포천시","금강로","경기도 포천시 내촌면 신팔리 산7-3 도","경기도 포천시 화현면 화현리 산214-5임","26","52","16","매우좋음"
"2023-09-25","10:18","경기","김포시","아라육로152번길","경기도 김포시 고촌읍 신곡리 686 도","경기도 김포시 고촌읍 신곡리 686 도","22","61","78","좋음"
"2023-09-25","10:25","경기","김포시","아라육로58번길","경기도 김포시 고촌읍 전호리 755 도","경기도 김포시 고촌읍 전호리 755 도","22","62","10","매우좋음"
"2023-09-25","10:33","경기","김포시","아라육로","경기도 김포시 고촌읍 전호리 87-8 도","경기도 김포시 고촌읍 전호리 618-37 도","22","62","11","매우좋음"
"2023-09-25","11:47","경기","김포시","수기로","경기도 김포시 고촌읍 신곡리 281-33도","경기도 김포시 고촌읍 신곡리 996-5 임","24","56","8","매우좋음"
"2023-09-25","13:19","경기","김포시","돌문로","경기도 김포시 사우동 186-20도","경기도 김포시 사우동 838-45도","25","54","28","매우좋음"
"2023-09-25","13:27","경기","김포시","풍무로","경기도 김포시 사우동 838-45도","경기도 김포시 풍무동 723-1도","26","54","18","매우좋음"
"2023-09-25","13:43","경기","김포시","풍무로68번길","경기도 김포시 고촌읍 태리 440-2 도","경기도 김포시 풍무동 808 도","26","56","4","매우좋음"
"2023-09-25","14:00","경기","김포시","사우중로","경기도 김포시 사우동 263-1대","경기도 김포시 북변동 834도","26","54","5","매우좋음"
"2023-09-25","14:12","경기","김포시","김포대로","경기도 김포시 고촌읍 전호리 328-11구","경기도 김포시 월곶면 포내리 5-1도","25","54","1","매우좋음"
"2023-09-25","14:44","경기","김포시","중봉로","경기도 김포시 걸포동 336-11도","경기도 김포시 감정동 511-3 답","26","54","6","매우좋음"
"2023-09-25","10:31","서울","종로구","청계천로","서울특별시 중구 태평로1가 63-17도","서울특별시 중구 황학동 2472-1천","23","88","10","매우좋음"
"2023-09-25","10:50","서울","종로구","지봉로","서울특별시 종로구 창신동 436-87천","서울특별시 종로구 숭인동 2-1 대","24","80","5","매우좋음"
"2023-09-25","11:01","서울","종로구","종로","서울특별시 종로구 숭인동 1474도","서울특별시 종로구 세종로 1-68도","25","77","5","매우좋음"
"2023-09-25","11:23","서울","종로구","새문안로","서울특별시 종로구 세종로 1-68도","서울특별시 종로구 평동 211도","25","77","6","매우좋음"
"2023-09-25","11:28","서울","종로구","통일로","서울특별시 종로구 평동 211도","서울특별시 서대문구 홍제동 47-32구","25","79","5","매우좋음"
"2023-09-25","11:41","서울","종로구","사직로","서울특별시 종로구 교북동 1-60도","서울특별시 종로구 중학동 96도","25","77","2","매우좋음"
"2023-09-25","11:48","서울","종로구","율곡로","서울특별시 종로구 중학동 93-1천","서울특별시 종로구 종로6가 287-7천","25","77","6","매우좋음"
"2023-09-25","12:02","서울","종로구","대학로","서울특별시 종로구 종로5가 82-1도","서울특별시 종로구 혜화동 56도","26","76","6","매우좋음"
"2023-09-25","12:09","서울","종로구","창경궁로","서울특별시 종로구 혜화동","서울특별시 종로구 예지동 213-1천","25","77","39","매우좋음"
"2023-09-25","12:19","서울","종로구","삼일대로","서울특별시 종로구 관철동 37-9천","서울특별시 종로구 경운동 95도","27","72","5","매우좋음"
"2023-09-25","12:33","서울","종로구","창의문로","서울특별시 종로구 효자동 136-1도","서울특별시 종로구 부암동 216-1 구","25","76","3","매우좋음"
"2023-09-25","12:44","서울","종로구","효자로","서울특별시 종로구 궁정동 15 도","서울특별시 종로구 적선동 36-2도","25","77","9","매우좋음"
"2023-09-25","12:48","서울","종로구","자하문로","서울특별시 종로구 적선동 8-1 도","서울특별시 종로구 홍지동 99-7 도","26","75","5","매우좋음"
"2023-09-25","13:27","서울","종로구","평창문화로","서울특별시 종로구 평창동 산6-2임","서울특별시 종로구 신영동 20-1도","26","72","20","매우좋음"
"2023-09-25","13:32","서울","종로구","진흥로","서울특별시 종로구 신영동 20-1도","서울특별시 종로구 구기동 산3-24임","26","71","7","매우좋음"
"2023-09-25","14:30","경북","구미시","첨단기업1로","경상북도 구미시 산동면 봉산리 615도","경상북도 구미시 산동면 봉산리 628 도","26","79","2","매우좋음"
"2023-09-25","14:32","경북","구미시","첨단기업로","경상북도 구미시 금전동 780 도","경상북도 구미시 산동면 봉산리 524도","26","78","2","매우좋음"
"2023-09-25","14:36","경북","구미시","첨단기업7로","경상북도 구미시 산동면 신당리 1369도","경상북도 구미시 산동면 신당리 1371도","26","82","3","매우좋음"
"2023-09-25","14:42","경북","구미시","첨단기업5로","경상북도 구미시 산동면 신당리 1341도","경상북도 구미시 산동면 봉산리 524도","26","81","1","매우좋음"
"2023-09-25","15:22","경북","구미시","금오대로","경상북도 구미시 오태동 781-1도","경상북도 구미시 임은동 244-1도","26","79","1","매우좋음"
"2023-09-25","15:26","경북","구미시","구미대로","경상북도 구미시 임은동 244-1도","경상북도 구미시 신평동 131-10 도","27","78","1","매우좋음"
"2023-09-25","15:32","경북","구미시","새마을로","경상북도 구미시 광평동 산29-6임","경상북도 구미시 형곡동 229-3도","26","83","4","매우좋음"
"2023-09-25","15:48","경북","구미시","박정희로","경상북도 구미시 오태동 산89-24도","경상북도 구미시 송정동 1-81 도","25","84","1","매우좋음"
"2023-09-25","15:53","경북","구미시","송원서로","경상북도 구미시 원평동 1107도","경상북도 구미시 송정동 20-5 도","26","81","1","매우좋음"
"2023-09-25","16:03","경북","구미시","백산로","경상북도 구미시 송정동 519도","경상북도 구미시 원평동 457-3도","26","81","6","매우좋음"
"2023-09-25","16:06","경북","구미시","신시로","경상북도 구미시 송정동 1-81 도","경상북도 구미시 형곡동 229-3도","26","82","2","매우좋음"
"2023-09-25","16:17","경북","구미시","형곡중앙로","경상북도 구미시 형곡동 228도","경상북도 구미시 형곡동 229도","26","82","2","매우좋음"
"2023-09-25","16:21","경북","구미시","형곡로","경상북도 구미시 형곡동 227도","경상북도 구미시 형곡동 229-3도","26","84","2","매우좋음"
"2023-09-25","09:57","서울","구로구","오리로","서울특별시 구로구 궁동 5 도","서울특별시 구로구 천왕동 3-5천","23","74","5","매우좋음"
"2023-09-25","10:22","서울","구로구","금오로","서울특별시 구로구 천왕동 278-3 도","서울특별시 구로구 천왕동 12-2도","23","73","9","매우좋음"
"2023-09-25","10:29","서울","구로구","천왕로","서울특별시 구로구 오류동 352-10 도","서울특별시 구로구 천왕동 278-3 도","23","73","7","매우좋음"
"2023-09-25","10:41","서울","구로구","개봉로","서울특별시 구로구 개봉동 403-97도","서울특별시 구로구 개봉동 139-4 도","24","68","124","보통"
"2023-09-25","10:54","서울","구로구","중앙로","서울특별시 구로구 고척동 69-9도","서울특별시 양천구 신정동 620-2도","24","68","11","매우좋음"
"2023-09-25","11:02","서울","구로구","고척로","서울특별시 구로구 고척동 186-4 도","서울특별시 구로구 오류동 6-2도","24","68","14","매우좋음"
"2023-09-25","11:14","서울","구로구","부일로","서울특별시 구로구 궁동 197-63 도","서울특별시 구로구 온수동 56도","25","64","6","매우좋음"
"2023-09-25","11:26","서울","구로구","서해안로","서울특별시 구로구 항동 산50-10 도","서울특별시 구로구 개봉동 237-12 철","25","64","5","매우좋음"
"2023-09-25","11:56","서울","구로구","공원로","서울특별시 구로구 신도림동 413-2도","서울특별시 구로구 구로동 50 도","25","66","22","매우좋음"
"2023-09-25","12:05","서울","구로구","구로중앙로","서울특별시 구로구 구로동 147-5 도","서울특별시 양천구 신정동 330-8제","26","64","8","매우좋음"
"2023-09-25","12:14","서울","구로구","신도림로","서울특별시 구로구 신도림동 290-10 도","서울특별시 구로구 신도림동 312-16도","25","65","6","매우좋음"
"2023-09-25","12:26","서울","구로구","새말로","서울특별시 구로구 구로동 1-25 천","서울특별시 구로구 구로동 496-128도","25","64","5","매우좋음"
"2023-09-25","12:46","서울","구로구","구로동로","서울특별시 구로구 구로동 496-128도","서울특별시 구로구 가리봉동 121-50도","27","60","5","매우좋음"
"2023-09-25","12:56","서울","구로구","디지털로","서울특별시 구로구 가리봉동 127-30 도","서울특별시 구로구 구로동 179-94 천","27","60","3","매우좋음"
"2023-09-25","13:13","서울","구로구","도림로","서울특별시 영등포구 대림동 1054-1 천","서울특별시 구로구 가리봉동 25-45 도","27","59","17","매우좋음"
"2023-09-25","13:46","서울","구로구","가마산로","서울특별시 구로구 구로동 68-1 천","서울특별시 구로구 구로동 699-9 도","27","58","11","매우좋음"
"2023-09-25","13:53","서울","구로구","벚꽃로","서울특별시 구로구 가리봉동 2-2도","서울특별시 구로구 구로동 496-128도","27","59","20","매우좋음"
"2023-09-25","14:04","서울","구로구","경인로","서울특별시 구로구 신도림동 330-7도","서울특별시 구로구 온수동 44-23 도","27","60","12","매우좋음"
"2023-09-25","10:41","서울","마포구","월드컵북로","서울특별시 마포구 동교동 192-5도","서울특별시 마포구 상암동 655도","24","59","6","매우좋음"
"2023-09-25","11:08","서울","마포구","월드컵로","경기도 고양시덕양구 덕은동 269-4전","서울특별시 마포구 합정동 422도","24","58","8","매우좋음"
"2023-09-25","11:28","서울","마포구","독막로","서울특별시 마포구 합정동 420 도","서울특별시 마포구 도화동 293-1도","25","56","5","매우좋음"
"2023-09-25","11:44","서울","마포구","토정로","서울특별시 마포구 마포동 33-18도","서울특별시 마포구 합정동 139-21 잡","24","57","30","매우좋음"
"2023-09-25","12:07","서울","마포구","양화로","서울특별시 마포구 합정동 345-1도","서울특별시 마포구 동교동 191-2도","26","53","6","매우좋음"
"2023-09-25","12:12","서울","마포구","신촌로","서울특별시 마포구 동교동 191-2도","서울특별시 서대문구 충정로3가 58-6 도","25","54","11","매우좋음"
"2023-09-25","12:21","서울","마포구","마포대로","서울특별시 마포구 아현동 610-1 도","서울특별시 마포구 마포동 53제","26","54","11","매우좋음"
"2023-09-25","12:27","서울","마포구","백범로","서울특별시 마포구 신공덕동 148-51 도","서울특별시 마포구 노고산동 31-123도","26","53","18","매우좋음"
"2023-09-25","12:34","서울","마포구","대흥로","서울특별시 마포구 대흥동 3-63도","서울특별시 마포구 용강동 495-4 제","26","53","8","매우좋음"
"2023-09-25","13:16","서울","마포구","만리재로","서울특별시 마포구 공덕동 237-9 도","서울특별시 마포구 공덕동 1-110 도","26","52","10","매우좋음"
"2023-09-25","13:31","서울","마포구","서강로","서울특별시 마포구 노고산동 31-123도","서울특별시 마포구 신정동 146-3도","26","51","25","매우좋음"
"2023-09-25","13:41","서울","마포구","창전로","서울특별시 마포구 신정동 92-3 도","서울특별시 마포구 창전동 12-34 도","26","52","20","매우좋음"
"2023-09-25","13:53","서울","마포구","잔다리로","서울특별시 마포구 서교동 406도","서울특별시 마포구 성산동 245-23도","27","50","12","매우좋음"
"2023-09-25","14:09","서울","마포구","동교로","서울특별시 마포구 연남동 222-2철","서울특별시 마포구 합정동 450-55전","26","52","10","매우좋음"
"2023-09-25","14:34","서울","마포구","성산로","서울특별시 마포구 망원동 297-2천","서울특별시 마포구 연남동 448-4천","26","53","19","매우좋음"
"2023-09-25","14:41","서울","마포구","성암로","서울특별시 마포구 연남동 448-4천","서울특별시 마포구 상암동 862전","26","53","15","매우좋음"
"2023-09-25","15:18","서울","마포구","증산로","서울특별시 마포구 상암동 1122-3철","서울특별시 마포구 상암동 487-314제","27","51","33","매우좋음"
